city,country,x1,x2,x3,x4,x5,x6,x7,x8,x9,x10,Class
Shanghai,China,5.69,39.86,5.69,1.14,4.27,3.98,0.53,0.33,2.74,2.61,1
Guangzhou,China,4.13,28.47,4.98,0.85,1.71,3.54,0.44,0.33,1.91,1.63,1
Mumbai,India,3.68,18.42,3.68,2.46,4.3,2.48,0.48,0.19,0.75,0.5,1
Delhi,India,4.91,22.11,4.3,1.84,3.68,1.77,0.49,0.19,0.73,0.5,1
Dhaka,Bangladesh,1.95,11.71,4.88,5.85,5.12,1.95,0.29,0.16,0.83,0.67,1
Osaka,Japan,7.45,48.39,5.36,3.35,3.72,3.28,1.09,0.81,1.41,1.47,1
Jakarta,Indonesia,2.59,22.69,3.57,2.06,3.24,2.23,0.61,0.27,1.3,1.2,1
Shenzhen,China,4.27,28.47,4.98,1.14,3.99,4.2,0.47,0.34,2.23,2.4,1
Kinshasa,Congo,15.11,42.63,10.08,1.74,2.5,4.35,2.78,0.84,2,1.33,0
Bangkok,Thailand,2.74,28.8,5.76,2.3,4.32,2.13,0.51,0.27,1.65,1.91,1
Karachi,Pakistan,2.24,11.18,3.8,2.12,2.68,1.41,0.29,0.19,0.8,0.46,1
Cairo,Egypt,4.07,20.35,4.07,1.63,2.73,1.75,0.25,0.15,0.82,0.52,1
Sao Paulo,Brazil,7.66,38.32,6.71,2.3,3.45,1.57,1.12,0.79,1.29,1.56,1
Mexico City,Mexico,7.74,39.97,6.7,2.58,4.13,2.71,1.07,0.76,1.32,2.02,1
Lagos,Nigeria,3.71,45.03,6.75,1.13,1.8,3.4,0.4,0.26,3.59,1.37,1
Kolkata,India,2,14.74,3.68,2.21,3.68,1.64,0.36,0.15,0.63,0.37,1
Beijing,China,4.27,31.32,5.69,1.42,4.13,4.62,0.52,0.42,2.01,2.17,1
Moscow,Russia,12.8,64,6.4,4,4,3.34,1.28,0.72,1.41,0.83,1
Tokyo,Japan,7.45,44.67,5.21,4.47,4.47,3.42,1.26,0.85,1.44,1.59,1
Manila,Philippines,3.59,28.71,3.59,1.26,1.93,2.97,0.99,0.51,1.67,1.24,1
New York,United States,25,100,10,7.2,10,5.38,2.72,2.32,1.26,4.11,1
Istanbul,Turkey,5.37,24.15,4.29,2.68,3.22,1.98,0.9,0.32,1.03,0.5,1
Buenos Aires,Argentina,6.12,25,5,1.92,2.42,1.78,1.04,0.81,0.77,1.29,1
Bangalore,India,3.07,18.42,4.3,2.21,3.68,2.09,0.46,0.18,0.58,0.57,1
Lahore,Pakistan,1.56,17.88,3.58,3.13,4.02,1.81,0.23,0.17,0.69,0.67,1
Chennai,India,2.18,12.28,4.91,2.21,4.3,1.63,0.44,0.18,0.61,0.5,1
Chengdu,China,2.85,24.77,5.05,1.14,2.85,3.75,0.42,0.29,1.97,1.46,1
London,United Kingdom,18.45,79.95,8.61,7.26,6.15,4.14,2.12,1.69,1.35,1.25,1
Wuhan,China,3.56,27.05,5.69,1.54,2.14,2.86,0.43,0.23,1.72,1.78,1
Hyderabad,India,2.46,12.28,5.53,1.84,3.68,2.01,0.45,0.18,0.74,0.56,1
Tehran,Iran,4,30,4.98,0.8,1.94,1.51,0.93,0.77,0.81,0.53,1
Paris,France,15.81,63.22,10.54,7.38,6.32,3.89,2.88,2.44,1.24,2.11,1
Nagoya,Japan,7.45,37.23,5.21,2.98,3.72,2.65,1.03,0.78,1.51,1.37,1
Ho Chi Minh City,Vietnam,2.04,24.48,4.08,1.02,2.04,2.02,0.55,0.3,1.49,1.17,1
Los Angeles,United States,20,88.59,10,8,8,4.94,2.7,2.3,1.14,3.8,1
Lima,Peru,3.92,22.19,5.22,2.09,3.92,2.66,0.86,0.57,1.22,1.83,1
Rio de Janeiro,Brazil,6.71,28.74,6.71,1.92,2.87,1.57,1.12,0.77,1.07,1.53,1
Tianjin,China,4.27,28.47,6.41,1.42,2.14,3.54,0.46,0.28,1.91,1.55,1
Nanyang,China,2.85,21.35,4.27,1.14,1.99,2.73,0.42,0.25,2.33,1.11,0
Shijiazhuang,China,3.2,19.22,4.98,0.78,1.42,3.54,0.41,0.28,1.42,1.42,0
Zhengzhou,China,2.14,17.08,4.27,0.78,2.28,3.27,0.44,0.28,1.77,1.71,1
Luanda,Angola,7.84,64.25,10.51,2.2,1.5,3.93,1.95,1.42,2.49,2.58,0
Weifang,China,2.85,14.24,5.34,1.14,2.14,3.46,0.71,0.28,1.78,1.07,0
Linyi,China,2.85,21.35,4.27,1.14,1.99,2.73,0.42,0.21,1.71,1.11,0
Chicago,United States,20,80,10,6,6.5,4.83,2.29,1.99,0.84,3.18,1
Hanoi,Vietnam,2.04,19.9,5.3,0.82,1.63,1.91,0.43,0.27,1.36,0.92,1
Chongqing,China,2.85,17.08,4.84,0.85,2.85,3.75,0.42,0.27,1.83,1.36,1
Ganzhou,China,3.2,19.22,6.26,0.57,1.71,2.56,0.43,0.28,1.38,3.14,0
Ahmedabad,India,2.46,12.28,3.68,3.38,5.53,1.68,0.44,0.18,0.71,0.54,1
Pune,India,3.68,14.74,4.3,2.46,3.68,1.96,0.42,0.16,0.74,0.49,1
Foshan,China,2.85,21.35,4.98,0.85,1.71,3.31,0.43,0.28,1.76,1.63,0
Tongshan,China,3.56,21.35,4.98,0.71,1.92,2.86,0.43,0.23,1.72,1.78,0
Changchun,China,2.85,17.08,4.73,2.49,1.42,2.99,0.32,0.21,1.61,1.2,0
Nanjing,China,3.13,21.35,4.63,0.9,1.42,3.29,0.45,0.31,2.23,1.67,1
Bogota,Colombia,3.15,18.88,4.62,1.05,2.1,1.14,0.57,0.49,0.87,0.99,1
Kuala Lumpur,Malaysia,3.42,22.79,4.1,3.65,4.56,2.74,0.6,0.38,1.7,0.83,1
Hefei,China,2.85,22.78,4.98,0.85,2.14,3.26,0.44,0.28,1.58,1.57,0
Dongguan,China,3.2,28.47,4.98,0.71,2.21,3.76,0.45,0.33,2.26,1.82,0
Jinan,China,2.85,21.35,4.27,1.14,1.99,2.73,0.42,0.25,1.91,1.11,0
Hong Kong,Hong Kong,7.7,64.18,5.52,6.42,6.74,5.09,1.18,1.06,3.11,2.28,1
Dar es Salaam,Tanzania,2.14,24.65,6.64,1.07,1.71,1.8,0.31,0.26,1.03,0.58,1
Cangzhou,China,2.14,21.35,4.27,0.71,2.14,3.56,0.45,0.26,1.85,1.57,0
Shenyang,China,2.85,21.35,4.73,0.64,1.42,2.99,0.36,0.21,1.61,1.2,1
Santiago,Chile,9.05,45.27,6.79,3.4,3.96,2.62,1.11,0.92,1.06,1.33,1
Xi'an,China,2.85,17.08,4.98,0.71,2.56,3.42,0.42,0.28,1.81,1.11,1
Zhanjiang,China,2.35,17.79,5.55,0.85,2.85,2.85,0.5,0.26,1.57,0.71,0
Nantong,China,3.13,21.35,4.63,0.9,1.42,3.29,0.45,0.28,2.23,1.67,0
Riyadh,Saudi Arabia,6.65,53.21,6.92,1.6,1.86,3.84,0.78,0.23,1.82,0.85,1
Yancheng,China,4.27,17.08,5.94,0.71,2.14,3.99,0.43,0.36,1.78,2.53,0
Hangzhou,China,4.27,32.03,5.69,0.85,2.14,3.77,0.53,0.31,2.45,1.93,1
Miami,United States,20,100,10,6,8,4.59,2.19,2.03,1.15,3.17,1
Yantai,China,2.85,22.78,4.98,1.14,2.14,3.56,0.45,0.28,1.78,1.19,0
Luoyang,China,2.14,14.24,5.34,4.27,7.12,4.27,0.36,0.28,1.85,1.78,0
Kunming,China,2.49,28.47,5.34,1.07,2.14,3.38,0.52,0.25,1.89,2.73,0
Baghdad,Iraq,4.72,22.85,8,1.83,3.5,2.45,0.46,0.2,1,0.78,1
Quanzhou,China,3.91,21.35,4.27,4.27,4.98,3.84,0.5,0.28,1.57,2.21,0
Madrid,Spain,12.64,52.69,8.43,3.69,3.69,2.23,2.35,1.67,0.9,1.09,1
Khartoum,Sudan,5,20,8,2,3.4,2.32,0.52,0.29,1.53,0.76,1
Qingdao,China,2.99,21.35,4.7,0.85,2.14,3.08,0.43,0.28,2.04,1.16,1
Wuxi,China,3.7,24.91,5.55,0.85,2.06,3.52,0.43,0.24,2.28,1.66,0
Maoming,China,2.14,14.09,3.91,1.42,4.98,3.56,0.43,0.28,2.46,1.71,0
Nanchong,China,2.85,17.08,4.27,0.85,2.85,3.56,0.36,0.27,1.83,1.36,0
Dallas,United States,20,75,8,5,7,4.64,2.27,1.53,0.89,3.19,1
Giza,Egypt,4.48,10.17,3.26,0.94,1.63,1.24,0.22,0.15,0.71,0.41,1
Allahabad,India,1.84,6.14,3.68,1.66,2.46,2.15,0.64,0.2,0.64,0.58,0
Changde,China,2.85,14.24,4.27,0.71,1.92,2.85,0.43,0.27,2.56,1.42,0
Philadelphia,United States,19,67.5,8.5,6,8,4.61,2.33,1.64,1.26,3.57,1
Nairobi,Kenya,4.28,32.61,5.91,2.04,2.85,2.25,0.54,0.45,0.96,0.52,1
Guadalajara,Mexico,7.74,30.94,6.19,1.8,3.09,2.48,0.97,0.64,1.14,1.89,1
Houston,United States,16.5,75,9,5.5,6,4.74,2.22,1.75,0.95,3.02,1
Atlanta,United States,15,65,8.25,6,6.5,4.67,2.06,1.64,0.88,2.67,1
Nanchang,China,2.85,17.08,4.98,0.71,1.92,3.11,0.47,0.27,1.99,1.74,0
Dezhou,China,2.99,21.35,4.7,0.85,2.14,3.08,0.43,0.28,2.04,1.16,0
Suzhou,China,4.98,39.15,6.55,2.85,5.69,4.66,0.94,0.36,2.76,3.56,1
Toronto,Canada,18.53,85.23,9.63,5.19,6.36,3.59,1.95,1.53,2.52,2.54,1
Singapore,Singapore,11.09,66.55,5.92,7.39,8.87,4.55,1.49,1.06,2.59,2.03,1
Washington,United States,19.5,82.5,9,7.25,8,4.88,2.47,2.12,1.01,3.24,1
Changzhou,China,2.85,22.78,4.98,0.85,2.14,3.26,0.39,0.28,1.58,1.57,0
Abidjan,Ivory Coast,3.21,32.13,8.84,0.96,2.41,2.46,0.76,0.63,1.75,0.56,1
Fuzhou,China,2.99,17.79,4.98,0.85,2.14,3.8,0.45,0.28,1.84,1.28,1
Surat,India,2.76,9.83,3.68,1.84,3.68,1.35,0.37,0.18,0.75,0.52,1
Alexandria,Egypt,4.07,16.28,3.66,2.03,4.07,1.39,0.25,0.15,0.76,0.45,1
Belo Horizonte,Brazil,4.22,28.74,5.75,1.63,2.3,1.3,0.95,0.52,0.91,1.4,1
Pingdingshan,China,2.14,14.24,5.34,4.27,7.12,4.27,0.36,0.28,1.85,1.78,0
Guilin,China,4.27,21.35,4.63,1.42,2.85,1.99,0.66,0.26,1.42,1.47,0
Boston,United States,20,95,10,7,8,4.83,2.32,2.1,1.09,3.82,1
Sydney,Australia,13.59,81.55,9.5,6.12,6.29,3.11,2.23,2.06,1.4,2.31,1
Jiujiang,China,2.85,22.78,3.42,0.85,2.14,3.26,0.43,0.28,1.42,1.57,0
Bozhou,China,1.14,22.78,3.56,0.43,1.42,2.14,0.43,0.14,0.86,1.57,0
Barcelona,Spain,14.75,63.22,9.48,3.16,3.69,2.35,2.2,1.52,1,1.5,1
Melbourne,Australia,15.63,81.55,9.68,6.8,6.8,3.23,2.61,2.3,1.31,2.25,1
Chenzhou,China,2.99,17.79,4.98,0.85,1.42,3.56,0.45,0.28,1.84,1.07,0
Dalian,China,3.56,28.47,4.98,0.85,1.71,4.18,0.5,0.31,1.69,1.24,0
Jiangmen,China,3.56,17.08,6.05,1.78,2.85,2.85,0.45,0.47,1.85,1.42,0
Harbin,China,2.85,17.08,5.69,0.71,2.14,2.37,0.46,0.25,1.35,1.57,0
Johannesburg,South Africa,8.55,34.22,4.28,2.28,2.28,1.82,0.91,0.71,1.07,0.91,1
Zibo,China,4.27,21.35,3.42,1.42,2.14,2.14,0.46,0.28,1.91,1.55,0
Casablanca,Morocco,3.45,18.89,6.14,2.83,3.78,1.78,0.46,0.32,0.69,0.47,1
Phoenix,United States,18.5,70,10,6,6,5.14,2.51,1.8,0.85,3.15,1
Xiamen,China,2.99,17.79,4.84,2.14,3.56,3.77,0.56,0.45,1.39,1.28,0
Amman,Jordan,5.99,42.3,7.05,7.05,7.05,4.12,0.53,0.38,1.47,0.53,1
Kano,Nigeria,2.25,9.01,4.5,0.68,1.01,2.25,0.41,0.34,2.7,1.24,0
Luzhou,China,3.13,21.35,4.63,0.9,1.42,3.29,0.45,0.31,2.23,1.67,0
Taiyuan,China,1.71,17.79,4.98,1.42,1.42,3.56,0.41,0.28,1.42,2.85,0
Yokohama,Japan,6.33,44.67,5.21,3.35,4.47,3.1,0.94,0.84,1.54,1.36,1
Seattle,United States,20,100,11,7,8,5.21,2.48,1.94,1.12,4.2,1
Jeddah,Saudi Arabia,6.65,53.21,7.45,1.4,1.8,3.82,0.74,0.29,1.6,0.83,1
Berlin,Germany,12.64,63.22,9.48,4.21,4.21,3.37,2.52,1.95,1.19,1.7,1
Baojishi,China,3.77,11.25,4.26,0.85,2.06,2.47,0.66,0.52,1.16,1.71,0
Zaozhuang,China,2.85,21.35,4.27,1.14,1.99,2.73,0.42,0.25,2.33,1.11,0
Algiers,Algeria,2.53,21.7,4.7,1.81,2.28,1,0.5,0.19,0.87,0.16,1
Busan,South Korea,6.15,36.49,4.99,3.07,4.61,3.35,1.32,0.74,2.01,2.49,1
Anshan,China,2.14,18.51,4.27,0.71,1.71,2.99,0.36,0.28,1.28,1.24,0
Detroit,United States,15.63,60,8.75,4.5,6,4.69,2.05,1.61,0.92,2.94,1
Montreal,Canada,14.82,66.7,9.63,5.93,5.93,3.57,1.76,1.37,2.17,2.81,1
Jiaozuo,China,2.14,17.08,4.27,0.78,2.28,3.27,0.44,0.28,1.77,1.71,0
Lucknow,India,3.07,12.28,3.07,1.84,3.68,1.57,0.35,0.18,0.68,0.45,1
Faisalabad,Pakistan,1.23,6.71,3.35,2.24,2.91,0.7,0.18,0.15,0.53,0.35,1
Zhongshan,China,2.85,15.66,4.27,0.85,1.71,3.46,0.71,0.39,1.56,1.33,0
Jaipur,India,2.46,9.83,3.68,1.84,3.99,1.45,0.45,0.2,0.64,0.45,1
San Diego,United States,20,80,10,7,8,4.82,2.4,2.07,1.1,3.88,1
Brasilia,Brazil,5.75,38.32,6.71,1.53,2.87,1.52,1.01,0.7,1.06,1.48,1
Mashhad,Iran,2.54,35.63,4.02,0.7,1,1.48,1.02,0.64,0.71,0.61,1
Zhenjiang,China,2.85,22.78,4.98,0.85,2.14,1.42,0.44,0.28,1.58,0.57,0
Urumqi,China,4.27,21.35,4.48,1.14,2.14,3.06,0.43,0.28,1.42,2.14,0
Minneapolis,United States,20,66.94,9,6,6,5.37,2.01,1.83,0.89,3.16,1
Addis Ababa,Ethiopia,7.66,30,4,0.75,1.3,0.72,0.61,0.38,0.91,0.53,1
Kuwait City,Kuwait,6.52,52.13,6.52,2.61,3.26,4.69,0.47,0.27,1.34,0.76,1
Incheon,South Korea,5.38,28.04,4.46,3.07,3.84,3.56,1.27,0.7,2.8,2.75,1
Quezon City,Philippines,3.59,19.74,2.78,1.35,2.47,2.72,0.98,0.53,1.6,1.28,1
Sanaa,Yemen,5.99,17.97,9,2,1.8,2.9,1.05,0.72,2.01,1.2,1
Surabaya,Indonesia,1.3,12.96,3.24,2.48,2.59,1.43,0.49,0.27,1.19,0.97,1
Bandung,Indonesia,1.3,11.34,3.24,2.59,4,1.83,0.59,0.31,1.11,0.93,1
Tampa,United States,21,60,10,6,7,4.47,2.12,1.54,1.09,3.48,1
Salvador,Brazil,4.79,24.91,5.75,1.53,2.87,1.5,0.95,0.6,1.1,1.53,1
Rome,Italy,16.33,73.76,9.48,5.27,5.27,1.5,2.09,1.15,1.61,1.58,1
Guatemala City,Guatemala,5.79,35.02,5.73,1.91,3.18,2.38,1.09,0.86,1.66,1.97,1
Denver,United States,18,75,9.4,6,7,4.92,2.56,2.03,1.03,4.02,1
Kyiv,Ukraine,6.8,26.6,3.62,0.98,1.78,1.32,0.62,0.46,0.99,0.69,1
Putian,China,3.2,21.35,4.84,2.14,3.56,3.77,0.56,0.45,1.39,1.35,0
Taichung,Taiwan,3.6,26.18,4.91,2.29,2.29,3.25,1.01,0.64,3.18,1.79,1
Guayaquil,Ecuador,2.65,40,6.25,2,4.95,2.33,0.99,0.59,1.06,1.44,1
Kaohsiung,Taiwan,3.27,26.18,4.91,1.75,2.62,2.92,1.07,0.69,2.9,1.96,1
La Paz,Bolivia,2.89,20.97,6.51,2.17,3.62,2.59,1,0.79,0.96,1.14,1
Hohhot,China,3.56,19.22,4.27,1.07,3.56,2.78,0.5,0.28,2.14,1.07,0
Rizhao,China,2.85,21.35,4.27,1.14,1.99,2.73,0.42,0.25,2.33,1.11,0
Taipei,Taiwan,5.89,39.28,4.91,1.96,2.62,3.03,1.03,0.67,3.15,1.93,1
Baotou,China,2.14,28.47,5.77,2.14,2.85,4.63,0.64,0.36,2.85,1,0
Antananarivo,Madagascar,4.12,20.62,6.87,1.15,1.6,1.15,0.84,0.5,0.98,1.12,1
Ankang,China,2.85,17.08,4.98,0.71,2.56,3.42,0.42,0.28,1.81,1.11,0
Brooklyn,United States,19,87.5,12,8,8,4.88,2.11,1.67,1.28,3.7,1
Santo Domingo,Dominican Republic,9.14,36.56,7.4,2.74,4.57,2.23,0.84,0.55,1.31,2.15,1
Ibadan,Nigeria,1.35,10.13,6.75,0.68,1.49,1.74,0.32,0.22,2,1.18,0
Yangjiang,China,4.27,18.51,5.69,0.85,2.14,3.77,0.43,0.28,2.45,1.93,0
Medellin,Colombia,3.36,18.88,4.83,1.05,1.89,1.11,0.7,0.55,0.67,0.89,1
Dubai,United Arab Emirates,12.25,81.68,8.17,12.52,13.34,5.3,1.24,0.63,1.81,1.48,1
Tashkent,Uzbekistan,5,30,3.5,1.2,2.75,1.55,0.6,0.3,0.99,0.42,1
Cali,Colombia,2.2,16.78,5.24,0.84,1.47,0.89,0.55,0.53,0.9,0.94,1
Douala,Cameroon,3.61,32.13,3.21,1.12,1.61,0.88,0.72,0.39,2.45,0.58,1
Daegu,South Korea,5.38,28.04,5.38,3.07,3.84,3.38,1.27,0.67,2.31,2.75,0
Fortaleza,Brazil,4.98,22.99,6.32,1.58,2.39,1.61,0.91,0.51,1.14,1.35,1
Ouagadougou,Burkina Faso,0.8,24.1,2.09,1.12,0.88,1.61,0.6,0.48,2.11,1.03,0
Yaounde,Cameroon,3.21,32.13,3.21,1.08,1.37,1.45,0.72,0.43,1.94,0.7,1
Nagpur,India,4.91,12.28,3.68,2.33,3.99,2.05,0.42,0.18,0.63,0.46,1
Brisbane,Australia,13.59,67.96,8.83,6.12,6.12,3.34,2.5,1.96,1.32,2.11,1
Ghaziabad,India,3.68,30.7,4.3,1.6,3.07,1.64,0.38,0.18,0.71,0.46,0
Accra,Ghana,2.5,26.79,4.46,0.71,1.43,1.46,0.51,0.17,1.19,0.64,1
Tangerang,Indonesia,1.94,19.45,3.24,2.82,3.57,1.78,0.48,0.25,1.26,1.11,1
Fukuoka,Japan,7.3,37.23,5.21,3.28,4.17,2.96,1.02,0.79,1.57,1.71,1
Vancouver,Canada,18.16,83.38,8.89,5.19,6.67,3.8,1.94,1.77,2.19,2.61,1
Bekasi,Indonesia,1.94,13.61,3.24,2.59,4,1.83,0.61,0.27,1.3,1.06,0
Omdurman,Sudan,5,20,8,2,3.4,2.32,0.52,0.29,1.53,0.76,0
Depok,Indonesia,1.46,12.96,3.24,2.06,3.24,1.47,0.46,0.27,1.15,1.07,0
Queens,United States,15,69,8,5,6.5,3.78,2.17,1.58,1.04,3.13,0
Baku,Azerbaijan,5.88,29.41,5.74,1.18,2.35,2.86,0.54,0.32,1.24,0.41,1
Havana,Cuba,10,40,7,2.5,3,1.91,2.28,1.63,3.52,1.18,1
Medan,Indonesia,1.94,10.05,2.59,2.27,3.24,1.13,0.67,0.32,1.16,1.3,1
Ningbo,China,4.63,23.49,5.55,0.57,4.27,3.52,0.38,0.3,2.28,2.73,1
Xining,China,4.63,35.59,7.12,1.78,4.27,4.8,0.61,0.39,1.85,1.42,0
Harare,Zimbabwe,7,40,6,1.3,2,2.2,0.72,0.47,1.61,1,1
Rawalpindi,Pakistan,1.23,8.94,2.68,2.24,4.47,1.69,0.24,0.19,0.63,0.47,1
Phnom Penh,Cambodia,3.85,30,6.53,1,3,2.89,0.99,0.67,2.21,1.85,1
Mogadishu,Somalia,2,18,5.5,7,17.5,1.25,0.68,0.54,1.58,0.91,1
Haiphong,Vietnam,1.22,19.9,5.3,0.82,1.63,1.91,0.43,0.27,1.36,0.59,0
Baltimore,United States,14.5,65,9,5.5,8,4.5,2.28,1.69,0.81,4.08,1
Riverside,United States,17,70,8,7,5.5,3.88,2.83,2.06,0.98,3.04,1
Las Vegas,United States,17.25,64.5,8.25,5,7.25,5.4,2.35,1.89,0.98,3.22,1
Vadodara,India,2.46,15.97,4.3,2.95,4.3,1.66,0.72,0.19,0.74,0.55,1
Portland,United States,16.75,75,8.75,6,7,5.01,2.44,2.05,0.94,3.36,1
Kumasi,Ghana,1.79,11.43,4.46,0.46,0.71,0.55,0.35,0.08,1.19,0.85,0
Gujranwala,Pakistan,0.98,6.71,3.35,2.24,4.47,1.34,0.2,0.18,0.61,0.45,0
Pingliang,China,7.12,11.39,5.34,0.71,2.14,1.71,0.43,0.28,1.78,0.43,0
Quito,Ecuador,3.75,42.5,7,2.5,3.5,2.53,0.78,0.62,0.95,1.7,1
Perth,Australia,16.99,67.96,9.48,6.8,6.8,3.36,2.5,2.17,1.61,1.95,1
Vishakhapatnam,India,2.46,10.44,4.3,1.84,2.76,2.01,0.58,0.22,0.67,0.47,1
Peshawar,Pakistan,1.34,10.06,3.58,1.56,2.24,0.91,0.2,0.13,0.58,0.45,1
Minsk,Belarus,9.9,47.5,5.15,1.32,1.98,1.76,0.82,0.51,0.81,0.63,1
Caracas,Venezuela,10,50,10,1.5,2.25,1.74,1.12,0.82,1.84,2.35,1
Sapporo,Japan,8.19,29.78,4.76,2.79,2.23,3.35,0.89,0.71,1.14,1.09,0
Fushun,China,1.14,10.68,4.63,0.71,1.71,3.2,0.66,0.33,1.71,1.42,0
Indore,India,3.07,10.44,3.68,1.84,3.5,1.09,0.39,0.19,0.68,0.44,1
Tijuana,Mexico,10.31,45.12,5.67,2.58,4.13,3.38,1.04,0.61,1.23,1.69,1
Bamako,Mali,4.72,51.68,4.83,2,3,2.88,0.77,0.62,1.91,0.75,0
Esfahan,Iran,3,17,3,0.85,1,1.03,0.4,0.33,0.65,0.87,1
Almaty,Kazakhstan,6.38,31.88,5.31,1.28,2.55,1.98,0.73,0.39,1.02,0.31,1
Thane,India,5.83,14.74,3.07,2.64,4.3,2.46,0.38,0.23,0.72,0.51,1
Vienna,Austria,15.81,63.22,9.48,4.74,4.32,3.89,3.03,2.36,1.36,2,1
Sacramento,United States,18,63.5,9.07,6,7.5,4.68,2.41,1.5,1.24,4.41,1
Aleppo,Syria,4,17.96,4,1.65,3.05,0.87,0.8,0.33,0.74,0.47,0
Blantyre,Malawi,3.41,29.21,4.87,0.78,1.36,2.2,0.68,0.35,0.68,0.53,0
Tainan,Taiwan,3.27,16.37,4.91,1.96,2.62,2.98,1.03,0.67,3.15,1.93,0
Zhuhai,China,2.85,28.47,5.69,1,2.35,3.47,0.45,0.26,2.33,1.61,0
Curitiba,Brazil,4.79,28.74,5.75,1.92,2.97,1.61,0.94,0.65,1.09,1.24,1
Multan,Pakistan,1.34,8.49,3.35,1.34,3.31,1.09,0.22,0.14,0.49,0.42,1
Bucharest,Romania,10.7,42.82,5.78,2.14,2.57,2.61,1.87,1.62,1.55,1,1
Hamburg,Germany,14.75,63.22,9.48,4.74,4.21,3.59,2.8,2.3,1.18,2.38,1
Orlando,United States,20,70,9,5,5,4.57,2.19,1.77,1.12,3.25,1
Ecatepec,Mexico,2.71,25.78,6.19,1.21,1.42,1.96,0.72,0.52,1.15,1.23,0
Manaus,Brazil,3.63,22.99,5.75,1.34,3.45,1.6,0.86,0.47,1.21,1.29,0
Bhopal,India,2.33,12.28,3.68,1.84,3.38,1.49,0.42,0.22,0.65,0.39,1
Davao,Philippines,3.59,26.91,2.69,0.9,1.26,2.42,0.69,0.41,1.66,1.35,1
Brazzaville,Congo,10.56,36.98,11.6,1.17,2.11,3.13,1.82,0.76,2,1.33,0
Meru,Kenya,3.26,16.31,4.08,1.63,2.04,0.82,0.52,0.3,0.45,0.41,0
Damascus,Syria,4,22,4.5,1.75,2.25,1.01,0.82,0.46,1.15,1.17,1
Brussels,Belgium,15.81,73.76,9.48,5.27,5.27,3.34,2.53,2.57,1.12,2.05,1
Warsaw,Poland,7.89,45.07,6.31,3.16,3.16,2.97,1.36,1.29,0.79,0.99,1
Lusaka,Zambia,3,18.37,3.17,1.22,1.5,1.81,0.88,0.47,1.34,0.95,1
Haikou,China,2.28,14.24,3.91,1.42,4.98,3.56,0.5,0.28,2.46,1.71,0
Cleveland,United States,12,70.5,8.5,5.75,6.99,4.42,1.83,1.75,0.98,2.99,1
San Jose,United States,19,80,9.04,7,9,5.17,2.53,2.29,1.35,4.25,1
Budapest,Hungary,8.23,38.57,5.66,2.06,2.06,1.85,1.14,0.93,1.08,1.35,1
Pittsburgh,United States,15,60,8.75,4,6,4.12,2.18,1.61,1.11,2.95,1
Patna,India,2.46,12.28,3.07,2.46,6.14,1.37,0.36,0.17,0.63,0.47,1
Austin,United States,17,72,8.89,6,8,4.84,2.39,1.82,1.07,2.75,1
Mecca,Saudi Arabia,6.65,53.21,7.98,1.6,1.59,3.77,0.73,0.22,1.57,0.71,1
Recife,Brazil,4.79,22.99,5.94,1.53,2.3,1.51,0.95,0.51,1.07,1.16,1
Cincinnati,United States,15,60,7.75,4.75,6,3.91,2.08,1.6,0.79,2.45,1
Kampala,Uganda,1.74,26.79,8.57,1.07,1.88,2.75,0.48,0.31,0.77,1.1,1
Conakry,Guinea,5,30,11,2.37,5,2,1.37,1.2,2.1,0.75,0
Mosul,Iraq,5.49,16.41,4.22,2,1.71,1.69,0.4,0.19,1.07,0.78,0
Hyderabad City,Pakistan,1.23,15.65,4.02,1.9,3.58,0.97,0.28,0.22,0.63,0.38,1
Manhattan,United States,12,45,7.5,3.5,5.5,4,1.92,1.25,0.81,2.05,0
Semarang,Indonesia,1.3,9.72,3.24,2.48,2.59,1.34,0.42,0.2,1.13,0.97,0
Novosibirsk,Russia,9.6,48,6.2,2.4,4,2.63,1.21,0.68,1.25,0.69,1
Ludhiana,India,3.68,9.83,4.61,1.84,3.07,1.64,0.38,0.18,0.73,0.46,1
Agra,India,2.46,7.37,2.46,1.54,2.82,0.86,0.34,0.11,0.68,0.31,0
Indianapolis,United States,19,77.5,8,5,6,4.56,1.72,1.31,0.85,3.11,1
Bilaspur,India,2.46,7.98,3.99,2.46,3.68,0.84,0.31,0.12,0.55,0.35,0
Kansas City,United States,17.5,55,10.76,3,5,4.5,3.25,1.7,1.32,2.65,0
Puebla,Mexico,6.45,25.78,7.74,2.32,3.87,2.43,1.07,0.7,1.13,1.71,1
Kalyan,India,3.68,10.44,4.18,2.64,4.3,1.93,0.43,0.16,0.72,0.5,0
Karaj,Iran,5.5,17.81,4,0.57,1.08,1.46,0.61,0.35,1.38,0.5,1
Madurai,India,1.35,7.37,3.68,1.29,3.07,1.23,0.39,0.18,0.56,0.51,0
Jamshedpur,India,1.99,12.28,3.68,1.6,2.46,1.15,0.26,0.13,0.62,0.35,0
Shiraz,Iran,3.56,58.93,2.9,1.09,0.5,1.98,1.02,0.53,2.78,0.65,1
Columbus,United States,15,65,8.75,5,6,4.48,2.16,1.59,0.82,2.32,1
Tabriz,Iran,14.19,47.5,12.35,1.9,5.94,4.71,1.33,0.85,2.94,1.69,1
Leon de los Aldama,Mexico,5.67,20.63,4.49,1.8,2.06,3.35,0.74,0.52,1.13,2.11,0
Charlotte,United States,15,60,10,4.5,5.5,4.8,2.12,1.83,0.89,2.99,1
Kobe,Japan,6.7,37.23,5.21,2.98,5.21,3.35,1.02,0.79,1.56,1.6,0
Maracaibo,Venezuela,8.5,35,8,1,1.7,1.25,1,1,1.09,1.15,0
Aba,Nigeria,1.58,9.23,3.38,0.81,1.06,1,0.31,0.23,2.25,0.86,0
Kawasaki,Japan,4.47,22.34,5.14,2.68,3.35,1.12,1.26,0.97,1.44,1.59,0
Nasik,India,2.46,15.97,2.95,0.98,4.3,0.74,0.44,0.14,0.68,0.34,0
Daejeon,South Korea,6.15,26.89,6.15,2.5,4.61,3.2,1.43,0.86,1.59,3.52,0
Belem,Brazil,3.45,24.91,5.75,1.72,1.63,1.28,0.88,0.54,1.08,1.02,0
Munich,Germany,15.81,65.86,9.48,4.21,4.21,3.59,3.15,2.89,1.28,1.94,1
Yekaterinburg,Russia,9.6,38.4,5.6,1.28,1.92,2.76,0.92,0.57,1.07,0.66,1
Kyoto,Japan,6.33,44.67,5.58,3.16,5.21,3.43,1.14,0.9,1.45,1.66,1
Valencia,Venezuela,10,50,10,1.5,2.25,1.74,1.12,0.82,1.84,2.35,0
Gwangju,South Korea,5.38,53.78,6.76,3.07,3.26,4.86,1.05,0.77,1.95,1.92,0
Onitsha,Nigeria,0.68,13.51,3.38,0.48,0.9,1.46,0.3,0.17,1.35,0.72,0
Virginia Beach,United States,23,80,10,6.5,7,5.75,2.37,2,0.99,3.44,1
Kharkiv,Ukraine,4.49,20.27,3.54,0.82,1.36,1.09,0.49,0.31,0.81,0.5,1
Abu Dhabi,United Arab Emirates,8.17,54.45,8.17,10.89,10.89,4.83,0.85,0.3,1.71,1.28,1
Zapopan,Mexico,7.74,52.86,5.16,2.06,2.71,2.36,0.87,0.8,1.14,2.12,1
Muscat,Oman,5.19,38.96,6.49,10.39,10.39,4.88,0.9,0.3,1.7,1.14,1
Bronx,United States,16,70,10.5,6,7.5,5.75,1.56,1.12,1.36,3.52,0
Faridabad,India,3.07,14.85,3.68,1.84,2.47,1.69,0.38,0.25,0.76,0.53,1
Ulaanbaatar,Mongolia,4.4,29.35,4.4,1.47,2.2,2.1,0.74,0.35,1.01,0.55,1
Goiania,Brazil,4.5,28.74,6.69,1.15,2.11,1.57,0.83,0.42,1.01,1.36,1
Khulna,Bangladesh,1.46,7.8,4.88,4.88,8.54,1.05,0.28,0.21,0.63,0.37,0
Aurangabad,India,2.03,8.9,4.18,1.84,1.84,1.51,0.43,0.16,0.74,0.47,1
Milwaukee,United States,15,50,8.5,4.75,6,4.14,2.28,1.94,0.8,2.55,1
Belgrade,Serbia,8.08,34.56,7.18,2.24,2.69,1.9,1.84,1.25,1.33,0.65,1
Rajkot,India,3.07,12.28,3.68,6.14,4.61,1.01,0.37,0.4,0.7,0.4,1
Milan,Italy,21.07,84.3,10.22,6.32,5.27,1.86,2.78,1.32,1.51,2.4,1
Cordoba,Argentina,5,20,5.74,1.5,2.5,1.5,1.02,0.9,0.81,0.85,1
Auckland,New Zealand,16.03,76.97,9.62,6.73,7.06,3.57,2.46,2.14,1.96,2.19,1
Makassar,Indonesia,1.3,9.72,3.24,2.07,2.92,1.78,0.5,0.26,1.24,1,0
Prague,Czech Republic,8.65,43.26,7.35,2.16,2.38,2.79,1.66,1.25,1.02,1.39,1
Meerut,India,2.46,11.05,3.99,1.97,2.95,1.69,0.43,0.18,0.74,0.45,0
Montevideo,Uruguay,14.07,52.45,10.23,3.07,3.84,3.89,1.8,1.42,1.11,2.38,1
Guarulhos,Brazil,5.27,19.16,5.36,1.53,2.87,1.48,0.91,0.57,0.83,1.44,0
Al Basrah,Iraq,4.2,25.02,6.44,5,4.2,0.9,0.33,0.21,1.3,0.73,0
Saitama,Japan,4.84,37.23,4.47,2.61,4.09,2.88,1.14,0.88,1.34,1.68,0
Adelaide,Australia,12.57,67.96,8.65,5.44,6.49,3.38,2.47,1.82,1.11,1.9,1
Juarez,Mexico,5.67,25.78,5.41,1.55,2.58,2.32,0.88,0.54,1.13,1.71,0
Barranquilla,Colombia,3.15,16.78,5.24,1.05,1.57,1.01,0.54,0.38,0.72,0.79,1
Jabalpur,India,3.07,7.37,3.07,2.03,3.68,2,0.45,0.16,0.71,0.41,1
Sofia,Bulgaria,10.69,37.4,6.41,1.87,2.67,1.93,1.21,0.83,1.57,1.02,1
Sharjah,United Arab Emirates,5.45,19.06,6.81,6.81,6.81,4.63,0.78,0.31,1.71,1.11,1
Kazan,Russia,7.98,40,5.84,4,3.2,2.29,1.18,0.76,1.22,0.77,1
Huaiyin,China,5.69,39.86,5.69,1.14,4.27,3.56,0.53,0.33,2.74,2.61,0
Abuja,Nigeria,3.38,39.4,5.63,1.13,1.58,2.15,0.52,0.25,2.93,1.45,1
Nizhniy Novgorod,Russia,10,40,5.6,1.26,2.79,2.39,1.04,0.56,1.16,0.6,1
Soweto,South Africa,7.13,28.51,3.99,1.14,2.28,1.71,1.04,0.67,0.88,0.74,0
Comayaguela,Honduras,2.53,45,7.68,1.83,2.74,2.03,0.71,0.67,1.03,1.24,0
Dhanbad,India,4.3,12.28,3.07,1.72,2.21,1.35,0.39,0.16,0.61,0.25,0
Calgary,Canada,18.53,63,8.89,5.19,5.93,3.75,1.75,1.53,1.73,2.18,1
Laiwu,China,3.7,24.91,5.84,0.85,2.06,3.56,0.43,0.24,2.37,1.66,0
Suwon,South Korea,6.15,36.88,4.42,1.92,2.88,3.17,1.23,0.65,2.05,3.26,0
Chelyabinsk,Russia,12.8,32,4.8,2.4,2.16,1.92,0.94,0.52,1.11,0.76,1
Can Tho,Vietnam,1.63,16.32,2.65,0.71,1.92,0.82,0.53,0.32,1.33,1.85,0
Mandalay,Myanmar,2.94,15,5.41,1.19,1.8,2.05,0.59,0.37,1.32,1.82,0
Varanasi,India,3.07,8.04,3.07,1.84,3.38,1.57,0.35,0.18,0.66,0.4,0
Providence,United States,24,72.5,9.75,6,8,4.25,2.06,1.7,1.01,3.19,0
Mombasa,Kenya,1.83,13.86,5.3,1.71,1.75,1.82,0.54,0.73,0.95,0.54,0
Xiangshui,China,3.2,19.22,4.98,0.78,1.42,3.56,0.41,0.28,1.42,1.42,0
Maputo,Mozambique,16.44,66.56,4.31,1.17,1.64,2,1.04,0.89,1.51,1.18,1
Vila Velha,Brazil,3.45,22.99,5.75,0.86,1.92,0.86,0.86,0.57,1.18,1.05,0
Rosario,Argentina,5,25,5,1,2,1.3,1.03,0.81,0.74,0.97,0
Doha,Qatar,8.24,54.93,6.87,12.36,13.05,5.44,1.09,0.36,2,1.64,1
Qom,Iran,3,17,3,0.58,1,1.03,0.4,0.33,0.65,0.87,0
Medina,Saudi Arabia,7.98,31.92,7.45,1.33,1.6,3.72,0.72,0.27,1.65,0.71,1
Jacksonville,United States,14,60,9,5,6,4.72,2.35,1.58,1.09,3.3,1
Hiroshima,Japan,5.96,45.42,4.84,3.35,3.72,3.28,1.09,0.79,1.41,1.47,0
Omsk,Russia,8,32,6.4,1.92,1.92,2.48,1.07,0.74,1.03,0.62,1
Samara,Russia,9.6,48,6.4,2.56,3.6,2.43,1.58,0.86,1.23,0.69,1
Ulsan,South Korea,7.3,34.57,4.99,3.07,4.61,3.34,1.74,0.82,1.83,2.69,0
Ahvaz,Iran,6,82.74,3,1,1.5,1.5,1.92,0.8,1.03,0.45,0
Campinas,Brazil,5.75,34.49,6.51,1.34,1.92,1.64,1.12,0.69,0.95,1.43,1
Dakar,Senegal,8.03,54.62,8.03,2.41,3.21,3.4,1.1,0.82,1.91,0.56,1
Kigali,Rwanda,2.58,37.54,7.51,0.94,1.88,2.45,0.72,0.54,0.7,0.97,1
Bandar Lampung,Indonesia,1.62,12.96,2.92,1.94,2.59,1.07,0.37,0.18,1.12,0.91,0
Amritsar,India,1.23,10.44,2.46,1.47,3.38,2.54,0.41,0.18,0.66,0.48,0
Birmingham,United Kingdom,13.47,61.5,7.38,4.61,4.92,3.4,1.78,1.26,1.2,1.2,1
Monterrey,Mexico,10.31,41.26,6.7,2.06,2.58,2.75,1.05,0.75,1.21,2.01,1
Tripoli,Libya,6.17,35.12,4.12,0.86,0.86,0.59,0.54,0.19,0.92,0.36,1
Tegucigalpa,Honduras,4,24.51,6,1.1,2.42,1.51,0.74,0.72,0.98,1.55,1
Guwahati,India,2.46,18.42,5.22,1.72,4.91,1.28,0.38,0.14,0.75,0.4,1
Benin City,Nigeria,1.58,11.26,3.38,0.81,1.13,1.59,0.31,0.23,2.7,0.86,0
Ufa,Russia,8,38.4,5.6,2.88,4,2.15,0.96,0.4,1.07,0.75,1
Tbilisi,Georgia,10.17,36.97,7.39,1.85,2.59,2.6,0.86,0.47,1.69,0.61,1
Fes,Morocco,1.89,9.44,4.01,2.03,2.83,1.11,0.66,0.33,0.61,0.39,0
Bien Hoa,Vietnam,1.43,24.48,4.08,0.85,1.47,1.43,0.41,0.3,1.43,0.82,0
Copenhagen,Denmark,19.85,113.4,12.05,7.09,7.05,5.99,3.25,2.67,1.84,2.87,1
Bhilai,India,5.53,6.14,3.68,1.54,4.3,0.76,0.33,0.16,0.67,0.57,0
Krasnoyarsk,Russia,8,36,4.82,1.16,2.08,2.48,1.01,0.41,1.25,0.77,1
Salt Lake City,United States,17,67.5,8.5,5.5,7,4.75,2.22,1.9,0.93,3.32,1
Cologne,Germany,13.7,55.32,9.48,3.69,3.06,2.85,2.36,1.89,1.1,1.94,1
Yerevan,Armenia,7.58,37.9,6.32,1.52,2.27,2.82,0.94,0.47,1.38,0.66,1
Gongzhuling,China,2.85,17.08,5.69,0.71,2.14,2.37,0.46,0.25,1.35,1.57,0
Nashville,United States,16.5,70,8.59,5,6.5,5.08,2.2,1.89,1.05,3.91,1
Richmond,United States,25,57.5,9.5,6.5,8,5.07,2.15,2.04,0.92,2.52,1
Ranchi,India,2.46,12.28,6.14,1.47,3.19,1.6,0.46,0.16,0.66,0.42,0
Memphis,United States,15.5,60,8,6,6,4.74,1.87,1.38,0.99,2.33,1
Sao Goncalo,Brazil,3.83,18.2,5.08,1.92,2.93,1.54,0.97,0.68,0.98,1.28,0
Edmonton,Canada,18.53,66.7,8.89,5.19,5.93,3.79,1.82,1.73,1.97,2.22,1
Vereeniging,South Africa,11,38.49,4.56,1.14,1.43,2,0.94,0.77,1.14,0.8,0
Bishkek,Kyrgyzstan,5.33,23.68,3.85,1.42,1.78,1.81,0.55,0.29,0.7,0.37,1
Nur-Sultan,Kazakhstan,6.38,25.51,4.25,1.06,2.02,1.7,0.55,0.39,0.86,0.36,1
Nouakchott,Mauritania,5.58,27.01,6.95,2.78,2.78,2.44,3.44,1.65,1.38,0.42,0
Sendai,Japan,6.33,29.78,4.91,3.72,3.72,3.28,0.92,0.66,1.34,2.36,0
Tunis,Tunisia,2.48,15.49,4.65,1.55,2.17,0.79,0.52,0.24,0.43,0.16,1
San Pedro Sula,Honduras,6,26.4,5.97,1.61,3,2.73,0.81,0.73,1.13,1.57,0
Kathmandu,Nepal,2.2,23.07,7.69,2.31,3.08,1.42,0.44,0.18,0.76,0.5,1
Gwalior,India,1.84,7.37,3.38,1.54,2.15,0.86,0.31,0.12,0.71,0.34,0
Perm,Russia,10.4,40,6.4,2.4,2.84,2.28,1,0.49,1.07,0.66,1
Voronezh,Russia,11.2,48,6.19,1.76,2.72,2.5,1.13,0.51,1.23,0.74,1
Mexicali,Mexico,8.87,32.23,5.16,1.8,3.87,2.55,0.99,0.67,1.38,1.96,0
Barquisimeto,Venezuela,8.5,30,8,2,1.7,1.25,1,1,1.09,1.15,0
Raleigh,United States,15,65,8,5.25,7,4.96,2.28,1.74,0.93,3.43,1
Cartagena,Colombia,2.52,20.1,4.51,1.26,1.94,1.44,0.63,0.66,0.95,0.88,1
Chandigarh,India,3.99,14.74,3.38,3.38,3.68,1.92,0.48,0.37,0.66,0.47,1
Jodhpur,India,2.46,9.83,3.68,1.84,3.99,1.45,0.25,0.12,0.51,0.45,0
Changwon,South Korea,6.15,26.89,6.15,2.15,4.61,3.2,1.15,0.77,1.59,3.52,0
Managua,Nicaragua,5,30,5.5,1.9,2.5,1.9,0.76,0.83,1,1.46,1
Bogor,Indonesia,2.11,12.96,2.92,1.94,2.59,1.85,0.56,0.3,1.12,0.91,0
Matola,Mozambique,16.44,66.56,4.31,1.17,1.64,2,1.04,0.89,1.51,1.18,0
Ogbomoso,Nigeria,0.68,11.26,3.38,0.45,0.56,1.59,0.23,0.23,1.35,0.86,0
Odesa,Ukraine,5.44,21.76,4.08,0.84,1.36,1.21,0.63,0.46,0.92,0.57,1
Shymkent,Kazakhstan,5.31,14.81,6.38,1.17,0.85,1.42,0.6,0.48,0.8,0.3,1
Niamey,Niger,4.02,30.82,9.64,2.01,3.21,2.41,1.53,0.86,2.45,0.54,0
Mysore,India,1.04,7.37,4.34,1.23,3.99,2.15,0.38,0.17,0.53,0.4,0
Maceio,Brazil,3.83,19.16,5.75,0.96,1.92,1.21,0.8,0.36,0.83,1.25,0
Monrovia,Liberia,12.5,45,10,2.5,3.5,3.67,1.5,2.67,1.4,1.43,0
Islamabad,Pakistan,1.34,15.65,3.58,2.24,4.47,1.38,0.25,0.18,0.74,0.46,1
Louisville,United States,15,57.5,8,4.5,7,5,1.86,1.63,0.66,2.78,1
New Orleans,United States,19.75,77.5,8,4,6,4.67,1.81,1.41,1.12,3.93,1
Raipur,India,1.47,8.6,4.3,1.87,3.07,1.54,0.29,0.15,0.63,0.45,0
Port-au-Prince,Haiti,12,85,15,4.5,6.5,2.77,2.04,2.25,1.5,1.67,0
Villahermosa,Mexico,4.64,23.85,5.16,7.48,2.32,3.09,0.93,0.64,1.22,1.88,0
Volgograd,Russia,7.2,28.8,5.15,2.4,1.92,2.4,0.9,0.35,1.27,0.7,1
Quetta,Pakistan,1.34,15.65,2.68,1.34,1.68,1.42,0.22,0.19,0.57,0.34,0
Ottawa,Canada,18.53,63,8.89,5.19,6.67,3.68,1.96,1.46,1.85,2.18,1
Arequipa,Peru,2.87,11.75,4.57,2.02,3.13,2.15,0.54,0.35,1.16,1.52,1
Port Harcourt,Nigeria,1.46,9.01,3.38,0.96,1.58,0.9,0.34,0.24,2.48,1.18,0
Stockholm,Sweden,12.59,77.47,8.72,6.78,6.78,3.95,2.29,2.06,1.44,2.79,1
Jerusalem,Israel,17.62,88.08,15.27,7.78,8.22,3.59,2.4,1.91,1.79,2.16,1
Vientiane,Laos,3,24.07,5,1.13,2.75,2.1,1.07,0.45,3.07,1.93,0
Kota,India,1.11,6.14,2.09,1.84,3.5,1.09,0.37,0.12,0.68,0.44,0
Zagreb,Croatia,9.77,46.06,6.98,2.51,2.79,1.86,2.26,1.63,1.22,1.13,1
Colombo,Sri Lanka,1.36,10.85,3.25,1.08,1.63,1.46,0.35,0.18,1.15,0.64,1
Lilongwe,Malawi,3.41,29.21,4.87,0.78,1.36,2.32,0.68,0.35,0.84,0.53,1
Dushanbe,Tajikistan,3.97,11,4.96,1.19,1.49,1.2,0.41,0.28,0.72,0.41,1
Pretoria,South Africa,6.84,34.22,4.56,1.71,2,1.65,0.89,0.69,1,0.84,1
Amsterdam,Netherlands,19.49,84.3,10.54,5.99,5.27,3.58,2.72,2.51,1.25,1.65,1
Asmara,Eritrea,11.4,20,2.67,1,2,1.06,1.56,1.57,1.45,0.5,0
Freetown,Sierra Leone,4.31,30,7.9,0.97,2.5,1.67,0.86,0.86,2.28,0.68,0
Winnipeg,Canada,14.82,55.59,8.22,4.45,5.19,3.38,1.76,1.52,1.34,1.94,1
Lome,Togo,2.01,20.18,8.03,0.8,2.41,3.75,2.41,1.29,1.83,0.72,0
Libreville,Gabon,15.13,80.32,11.65,0.96,1.61,2.41,0.84,0.84,1.94,1.51,0
Helsinki,Finland,13.7,84.3,9.72,7.38,8.43,4.31,2.71,1.77,1.05,2.35,1
Panama City,Panama,8,52.5,6.5,2.5,4,3.34,1.66,1.34,1.58,2.17,1
Athens,Greece,12.64,52.69,7.38,4.21,5.27,3.55,1.94,0.53,1.62,1.15,1
Oslo,Norway,20.55,112,12.33,10.12,9.92,4.65,3.23,2.97,2.12,3.54,1
Cotonou,Benin,3.21,26.51,4.82,0.96,2.81,4.02,0.66,0.5,1.63,1.45,0
Skopje,North Macedonia,5.94,25.47,4.24,2.04,2.38,1.6,1.43,1.03,1.2,0.79,1
Chisinau,Moldova,6.15,25.99,4.87,1.28,1.79,1.42,0.7,0.5,0.91,0.41,1
Quebec City,Canada,14.88,59.29,9.63,5.19,5.19,3.48,1.55,1.12,1.54,2.43,1
Bujumbura,Burundi,1.94,21.15,3.28,0.58,2.47,2.19,0.44,0.68,0.8,0.68,0
Rabat,Morocco,3.31,25.97,5.01,3.07,3.78,1.75,0.49,0.34,0.73,0.43,1
Riga,Latvia,11.06,52.69,7.38,4.21,3.16,2.89,1.3,1.23,1.39,1.17,1
Kingston,Jamaica,6.5,45.47,6.5,1.95,3.25,3.49,1.02,0.7,3.39,2.73,1
Vilnius,Lithuania,10.01,52.69,6.32,4.21,4.21,2.95,1.9,1.61,1.42,1.38,1
Dublin,Ireland,21.07,84.3,10.01,6.32,6.32,3.79,2.35,1.77,1.27,1.87,1
Tallinn,Estonia,13.7,63.22,7.38,5.27,5.27,3.47,2.1,1.74,1.01,1.13,1
Asuncion,Paraguay,4.16,22.17,4.85,1.39,2.08,2.14,0.9,0.53,0.83,0.72,1
Lisbon,Portugal,12.64,52.69,7.38,2.63,3.16,1.97,1.73,1.2,0.88,1.33,1
Beirut,Lebanon,10,60,6.1,3,4.82,3.51,2.99,1.07,6.81,1.51,1
Djibouti,Djibouti,9.27,67.42,8.99,5.62,7.02,1.9,0.67,0.95,3.09,2.25,0
Tirana,Albania,5.86,36.04,5.86,1.8,2.7,1.41,1.45,0.72,1.41,0.77,1
Kitchener,Canada,14.82,72.63,8.89,3.71,4.26,2.47,1.22,1.4,1.77,2.34,1
Bratislava,Slovakia,8.43,47.42,7.38,2.11,2.69,2.51,2.02,1.63,0.96,1.3,1
Halifax,Canada,14.82,66.7,8.89,5.19,5.19,3.53,1.78,1.7,1.8,2.26,1
Canberra,Australia,15.63,74.75,8.94,6.46,6.8,3.29,2.29,1.73,1.4,1.97,1
Wellington,New Zealand,12.83,64.14,9.3,6.41,6.41,3.34,2.43,2.25,1.97,2,1
Victoria,Canada,18.53,66.7,8.89,5.93,5.93,3.73,1.98,1.77,2.49,2.68,1
Bissau,Guinea-Bissau,2.62,15.13,2.21,1.01,2.02,2.41,1.14,1.3,1.61,0.24,0
Windhoek,Namibia,8.58,37.16,5,1.43,1.57,1.81,0.78,0.81,1.14,0.72,1
Nicosia,Cyprus,13.7,52.69,6.32,4.21,4.21,3.36,1.38,0.74,1.49,2,1
Juba,South Sudan,7.5,30,6,3,3.5,1.5,1,1,1.38,2,0
Dodoma,Tanzania,6.43,42.86,10.72,0.86,3.43,2.14,0.68,0.57,1.82,1.29,0
Nassau,Bahamas,25,100,8,3.75,6.5,5.31,2.36,1.94,4.62,5.01,1
Ljubljana,Slovenia,10.54,44.26,6.53,3.16,3.42,1.93,2.36,1.83,1.14,1.64,1
Bloemfontein,South Africa,4.85,31.36,3.56,1.71,1.71,2.01,1.08,0.78,1.08,0.9,0
Sarajevo,Bosnia And Herzegovina,5.38,26.88,5.11,2.15,2.02,1.51,1.58,0.89,0.97,0.71,1
Cape Town,South Africa,8.55,34.22,3.99,2.28,2.57,1.8,0.87,0.66,0.91,0.96,1
Dili,Timor-Leste,5,40,7,2.75,3,2.88,1.25,0.88,1.79,1.98,0
Sucre,Bolivia,2.89,10.12,7.95,1.45,2.31,2.17,0.72,0.58,1.08,1.08,0
Male,Maldives,5.56,26.19,9,3.11,7.86,2.53,0.96,0.32,1.74,1.6,1
Paramaribo,Suriname,4.86,80,6.15,2.7,2.7,2.25,0.92,0.74,1.18,1.19,0
Gaborone,Botswana,11.62,34.85,6,1.55,1.94,2.56,0.86,0.57,1.14,0.74,1
Gibraltar,Gibraltar,17.84,79.95,8.61,3.84,3.69,2.76,1.55,1.7,1.71,1.83,1
Port Moresby,Papua New Guinea,9.84,48.61,8.53,3.13,5.12,3.33,1.01,1.18,1.68,1.53,1
Georgetown,Guyana,5.49,49.58,7.16,1.91,2.39,3.49,1.16,0.71,3.41,1.48,1
Podgorica,Montenegro,5.8,26.34,4.21,2.11,2.63,1.53,1.83,1.25,1.12,0.76,1
Fort-de-France,Martinique,10.54,68.49,10.41,6.32,0.52,3.86,2.77,3.16,1.16,2.55,0
Manama,Bahrain,5.3,53.05,6.63,7.96,10.61,4.49,0.73,0.38,1.63,1.36,1
Willemstad,Curacao,22.18,83.18,10.26,2.43,4.44,3.3,2.26,1.71,1.61,2,1
Bern,Switzerland,26.71,106.85,16.03,6.68,5.34,5.06,4.15,3.92,1.68,3.01,1
Saint-Denis,Reunion,8.17,52.69,10.54,4.21,3.16,2.77,3.03,2.24,1.05,2.63,0
Malabo,Equatorial Guinea,12.85,40.16,20.08,0.8,4.82,6.43,1.07,1.2,2.25,3.2,0
Papeete,French Polynesia,15.89,52.98,11.44,5.04,2.65,3.42,2.46,1.06,2.53,2.28,0
Luxembourg,Luxembourg,21.07,89.57,10.54,5.27,5.8,3.83,3.14,3.36,1.31,3.29,1
Bridgetown,Barbados,20,97.83,8.5,3,4.75,4.01,1.52,1.25,3.28,2.71,1
Reykjavik,Iceland,17.72,106.31,14.17,9.21,7.8,4.36,2.44,2,1.47,3.24,1
Suva,Fiji,3.64,34.16,6.38,2.73,4.55,2.7,1.06,0.85,1.24,0.48,1
Noumea,New Caledonia,17.66,79.47,10.6,7.51,7.06,4.99,2.49,0.95,0.99,1.96,1
Ankara,Turkey,3.76,16.1,3.89,2.28,2.68,1.68,0.74,0.31,0.96,0.45,1
Praia,Cape Verde,4.28,26.63,5.71,1.43,1.33,1.05,1.04,0.76,0.9,1.19,0
Sri Jayewardenepura Kotte,Sri Lanka,1.08,6.78,4.34,0.95,1.08,0.99,0.27,0.21,0.91,0.41,0
Honiara,Solomon Islands,5.47,54.67,15.19,4.56,3.04,4.05,2.43,1.21,2.67,1.44,0
Monaco,Monaco,26.34,158.06,9.48,7.38,8.43,4.54,4.95,5.85,1.84,3.95,0
Thimphu,Bhutan,3.08,18.45,3.08,9.92,2.46,1.32,0.47,0.16,0.83,0.67,1
Mbabane,Swaziland,1.03,11.48,2.34,1.03,1.03,1.03,0.8,0.68,1.32,0.59,0
Cayenne,French Guiana,12.64,52.69,9.35,2.63,4.21,2.63,1.58,1.23,1.37,1.26,0
Sao Tome,Sao Tome And Principe,15.81,42.15,7.38,0.58,1.26,1.05,1.48,1.05,1.05,0.83,0
Castries,Saint Lucia,7.4,62.9,10.02,2.22,2.97,2.5,1.12,0.99,3.06,0.82,0
Port-Vila,Vanuatu,12.71,55.06,10.17,3.81,4.66,3.34,2.14,0.86,1.5,2.04,0
Hamilton,Bermuda,29,150,15,9,10,5.61,3,2.43,4.24,6.85,1
Bandar Seri Begawan,Brunei,2.96,29.47,5.03,4.07,2.59,3.49,0.74,0.62,1.44,1.65,1
Douglas,Isle Of Man,22.14,79.95,8.35,4.31,5.54,3.5,1.91,1.63,1.27,1.34,1
Oranjestad,Aruba,12,68.33,8.5,3.75,2.36,2.47,1.69,1.56,1.87,2.54,0
Apia,Samoa,4.63,32.46,10.6,3.71,2.97,3.26,1.46,1.1,1.11,1.23,0
Port of Spain,Trinidad And Tobago,11.36,88.49,7.37,1.7,2.8,3.47,0.95,0.77,2.01,2.19,1
Saint Helier,Jersey,27.68,104.55,8.61,6.15,6.15,4.03,2.28,1.64,1.6,2.08,1
Banjul,Gambia,1.21,16.13,5.24,1.21,1.61,1.51,0.73,0.34,1.21,0.27,0
Nuuk,Greenland,17.01,88.17,15.96,8.86,11.53,6.6,4,2.48,1.74,3.12,0
Ashgabat,Turkmenistan,28.57,142.86,10,4.29,14.29,5.36,5.64,0.68,4.21,0.9,0
Majuro,Marshall Islands,15.2,44,12,9,4.5,2.58,2,1.5,2.35,2.8,0
Belmopan,Belize,3.98,22,5.48,3.5,4.5,2.66,1.33,0.83,1.43,2.08,0
Basseterre,Saint Kitts And Nevis,12.95,92.51,12.48,2.22,2.85,3.7,1.86,0.95,3.61,4.07,0
Kingstown,Saint Vincent And The Grenadines,11.1,64.75,10.18,2.59,3.24,1.85,1.85,1.97,1.67,1.77,0
Victoria,Seychelles,16.01,58.89,6.4,3.93,4.86,5.75,3.26,1.98,1.69,1.43,1
Valletta,Malta,18.97,84.3,9.48,3.16,4.21,3.05,2.14,1.55,1.09,1.64,1
Torshavn,Faroe Islands,18.43,106.31,18.43,7.09,7.09,3.97,3.45,2.22,1.8,3.87,0
Saint John's,Antigua And Barbuda,5.55,92.51,8.33,3.89,3.52,4.44,2.22,1.11,1.85,1.97,0
Andorra la Vella,Andorra,14.23,52.69,8.43,2.11,3.16,1.77,1.92,1.42,0.95,1.05,0
Roseau,Dominica,5.55,60,5.55,1.85,1.85,2.48,1.57,1.49,5,2.13,0
Pago Pago,American Samoa,23.82,6.66,22.13,1.91,1.91,1,1.19,2.11,1.05,3.16,0
Vaduz,Liechtenstein,26.71,106.85,14.96,5.34,6.41,5.16,4.63,3.38,1.75,3.64,0
Avarua,Cook Islands,9.62,51.31,9.62,3.69,4.33,3.85,2.41,1.6,1.92,3.78,0
San Marino,San Marino,15.81,60.09,6.85,4.21,4.58,1.3,2.07,1.05,1.11,1.4,0
Pristina,Kosovo (Disputed Territory),4.74,21.07,5.27,1.9,1.69,1.14,1.07,0.95,1.02,0.51,1
Jamestown,Saint Helena,14.76,49.2,11.69,4.18,2.46,2.56,1.05,0.94,1.66,1.35,0
Marigot,Sint Maarten,14,100,8,2.11,2.11,3.16,2,1.58,2.38,2.02,0
Philipsburg,Sint Maarten,14,100,8,3,4,4.83,2,3,2.38,2.02,0
Yaren,Nauru,10.87,33.98,10.19,5.44,8.15,4.08,1.36,0.85,6.8,2.04,0
The Valley,Anguilla,8,170,10,4,4,5,3,3,1.74,3.5,0
Bareilly,India,2.15,6.14,4.61,1.84,4.61,1.47,0.33,0.12,0.61,0.43,0
Natal,Brazil,3.35,18.2,5.75,1.05,2.2,1.76,0.96,0.4,1.27,1.42,1
Naples,Italy,15.81,52.69,8.43,4.21,3.69,1.81,1.65,1.05,1.26,1.19,1
Pekanbaru,Indonesia,2.11,11.02,2.92,2.59,2.92,1.3,0.99,0.36,1.12,0.97,0
Chiba,Japan,5.58,29.78,5.4,2.61,2.61,3.1,0.84,0.65,1.4,1.45,0
Dnipro,Ukraine,6.8,21.76,3.81,1.09,1.5,1.1,0.63,0.43,0.89,0.53,1
Coimbatore,India,2.46,8.6,3.68,1.97,2.7,1.23,0.43,0.15,0.58,0.45,1
Kirkuk,Iraq,4.72,21.01,6.28,1.83,1.68,2.45,0.46,0.2,1,0.72,0
Zamboanga City,Philippines,1.79,9.87,3.14,0.9,1.26,1.7,0.6,0.36,2.25,1.08,0
Oklahoma City,United States,11,50,8,3,6,4.36,2.21,1.46,0.91,2.6,1
Morelia,Mexico,7.74,23.21,4.64,1.55,2.45,2.26,0.67,0.75,1.03,1.71,0
Tangier,Morocco,2.83,18.89,5.19,1.98,1.89,2.02,0.46,0.28,0.66,0.45,1
Setagaya,Japan,4.47,29.78,4.09,1.71,2.61,1.27,0.74,0.65,1.24,1.45,0
Cebu City,Philippines,2.69,25.08,3.23,1.44,2.42,2.47,0.56,0.37,1.7,1.01,1
Songnam,South Korea,6.15,36.88,4.61,2.5,3.84,3.2,1.43,0.77,2,3.26,0
Aguascalientes,Mexico,6.19,28.36,6.19,2.02,3.29,2.13,0.79,0.55,1.19,1.71,1
Kermanshah,Iran,4.13,14.03,3.28,0.83,1,2.49,0.51,0.33,0.88,0.24,0
Marrakech,Morocco,3.31,38.72,5.67,3.07,4.72,1.65,0.88,0.43,0.68,0.39,1
Solapur,India,0.98,6.14,3.68,1.84,1.84,0.61,0.23,0.16,0.59,0.4,0
Trujillo,Peru,2.61,18.27,4.18,1.31,6.53,2.7,1.35,0.52,1.07,0.65,0
Buffalo,United States,15,75,10,5,6,4.12,2.18,1.72,0.85,2.88,1
Kitakyushu,Japan,5.96,29.78,4.84,1.86,3.72,2.23,0.89,0.91,1.53,1.21,0
Donetsk,Ukraine,4.49,17.82,3.54,0.82,1.3,1.09,0.49,0.31,0.81,0.5,0
Naucalpan de Juarez,Mexico,6.19,18.05,5.93,0.88,2.71,2.27,0.64,0.46,1.06,1.23,0
Owerri,Nigeria,1.13,13.51,9.01,0.68,0.9,2.25,0.23,0.38,3.38,1.13,0
Bridgeport,United States,20,80,12,5.5,10,6.75,2.37,2.33,0.96,3.86,0
Padang,Indonesia,1.39,11.02,2.59,2.59,2.92,1.3,0.39,0.23,1.1,0.75,0
Hartford,United States,20,65,10,4,5.75,4.55,2.32,1.79,1.09,3.49,0
Fort Worth,United States,14,60,8.29,4.5,7,4.74,2.07,1.62,1.02,3.29,1
Merida,Mexico,7.07,36.1,6.7,2.58,3.48,2.87,0.9,0.71,1.27,1.76,1
Hubli,India,3.07,6.14,2.46,1.23,6.14,1.84,0.23,0.18,0.59,0.4,0
Bucheon,South Korea,7.68,23.98,3.38,3.07,4.99,3.93,1.48,0.79,1.84,2.85,0
Campo Grande,Brazil,3.83,17.24,5.75,2.01,2.68,1.39,1.1,0.65,0.98,1.66,0
Cancun,Mexico,9.28,41.26,5.8,2.02,3.09,2.54,1.15,0.95,1.18,1.53,1
Ad Dammam,Saudi Arabia,5.85,47.22,6.65,1.33,1.86,3.64,0.79,0.31,1.63,1.09,1
Tucson,United States,15,55,10.4,5,6,5.09,2.2,1.53,0.86,3.05,1
Krasnodar,Russia,15.04,52,6.3,1.92,2.72,2.27,1.09,0.6,1.19,0.72,1
Lhasa,China,2.85,28.47,9.96,1,1.42,4.98,0.43,0.43,2.14,1.78,0
Chihuahua,Mexico,7.74,25.78,6.7,1.42,2.97,2.06,0.83,0.67,1.21,2.05,1
Turin,Italy,13.7,59.54,9.48,5.27,4.21,1.51,2.38,1.1,1.47,1.62,1
Taguig City,Philippines,5.38,17.94,2.69,1.61,2.69,2.92,1.11,0.72,1.62,1.44,0
Klang,Malaysia,1.94,12.71,3.42,4.56,5.7,2.55,0.71,0.3,1.53,0.68,1
Abeokuta,Nigeria,1.24,7.88,2.76,0.45,0.9,0.84,0.28,0.23,3.38,0.86,0
Jalandhar,India,1.84,6.14,4.56,2.03,2.33,1.27,0.33,0.19,0.65,0.38,0
Saltillo,Mexico,12.89,30.94,5.67,1.5,3.87,1.8,1.17,1.1,1.03,2.03,0
Marseille,France,13.17,63.22,9.48,5.27,4.74,2.77,2.11,1.35,1.12,1.9,1
Malang,Indonesia,1.3,7.45,3.11,2.48,2.59,0.89,0.49,0.25,1.19,0.97,0
Ipoh,Malaysia,2.28,22.79,3.42,4.1,5.7,1.98,0.54,0.35,1.38,0.7,0
Hermosillo,Mexico,7.74,20.63,6.19,2.19,3.61,2.67,0.83,0.55,1.18,1.97,1
Ikeja,Nigeria,1.01,11.26,2.25,0.79,0.9,0.45,0.23,0.17,0.79,0.84,0
Saratov,Russia,8,32,6.4,2.4,2.24,2.54,0.91,0.56,1.19,0.6,1
Omaha,United States,20,75,9,4.5,6,4.84,2.47,1.8,0.88,3.71,1
Denpasar,Indonesia,2.9,25.93,3.24,2.27,2.59,2.04,0.64,0.28,1.23,1.34,1
Teresina,Brazil,4.79,15.33,5.75,1.25,1.53,1.34,1.25,0.86,1.01,1.15,0
Ilorin,Nigeria,1.13,12.38,5.4,0.68,1.01,0.79,0.34,0.22,2.93,0.96,0
Akure,Nigeria,0.68,11.26,5.63,0.48,0.9,0.45,0.3,0.17,1.84,0.72,0
Erbil,Iraq,5.49,24.5,10,2,1.71,3.5,0.5,0.29,1.13,0.78,1
El Paso,United States,12,41.25,7.5,3.75,5,4.08,2.23,1.19,0.85,2.52,1
Iguacu,Brazil,2.68,12.93,6.51,1.53,3.07,1.66,1.05,0.72,0.85,1.34,0
Pasig City,Philippines,3.41,17.94,3.41,0.9,2.69,2.51,0.34,0.27,1.58,1.17,0
Honolulu,United States,18,82.5,10,7,9,5.43,2.33,2.27,1.87,6.1,1
Bhubaneshwar,India,1.84,12.28,3.99,1.72,3.07,1.58,0.37,0.15,0.59,0.45,1
Cheongju,South Korea,6.15,23.98,3.38,3.07,5,2.69,1.74,0.71,1.84,4.61,0
Warri,Nigeria,1.13,11.26,9.01,0.56,0.68,2.25,0.55,0.38,2.48,0.51,0
Pointe-Noire,Congo,15.61,48.19,11.92,2.41,4.02,3.9,1.4,0.94,1.61,3.21,0
Butterworth,Malaysia,2.28,18.23,3.99,3.42,4.56,2.17,0.45,0.33,1.65,0.7,0
Culiacan,Mexico,4.64,25.78,6.19,1.8,3.35,2.77,1.37,0.78,1.19,1.87,0
McAllen,United States,12,55,6.5,5,5.99,4.5,2.43,1.86,0.91,2.66,0
Sao Bernardo do Campo,Brazil,5.75,22.99,6.51,1.34,1.92,1.6,1.09,0.69,0.95,1.43,0
Queretaro,Mexico,7.74,28.18,5.93,2.45,4.13,2.56,0.99,0.81,1.2,2.18,1
Leeds,United Kingdom,14.76,61.5,7.38,4.92,4.92,3.86,2.02,1.39,1.17,1.25,1
Valencia,Spain,12.64,47.42,8.43,3.16,3.16,2.12,1.96,1.45,0.91,1.07,1
Joao Pessoa,Brazil,3.35,22.03,6.51,1.34,2.68,1.2,0.84,0.43,1.17,1.37,1
Abaete,Brazil,3.45,24.91,5.75,1.72,1.63,1.28,0.88,0.54,1.08,1.02,0
Niigata,Japan,5.96,29.78,5.21,1.86,3.72,3.28,1.16,0.85,1.44,1.21,0
Hamamatsu,Japan,4.84,29.78,3.72,2.98,3.72,2.98,1.26,0.85,1.44,1.56,0
Frankfurt,Germany,14.75,63.22,9.05,4.21,3.69,3.37,2.88,2.69,1.12,1.8,1
Moradabad,India,2.46,12.28,5.22,2.27,4.3,1.6,0.56,0.25,0.66,0.59,0
San Luis Potosi,Mexico,9.02,33.52,7.74,1.62,2.84,2.55,1.22,0.86,1.1,2.18,1
Albuquerque,United States,15,65,8.3,5,5,4.28,1.94,1.48,0.99,3.1,1
Hempstead,United States,15,75,8.25,6,8,4,2.25,2,1.01,3.67,0
Bahawalpur,Pakistan,0.67,6.71,3.35,4.47,4.47,1.09,0.18,0.15,0.48,0.35,0
Kaduna,Nigeria,1.01,11.26,4.28,0.68,1.01,1.8,0.34,0.23,1.46,0.71,0
Kolhapur,India,2.46,9.83,2.64,2.03,3.07,1.54,0.28,0.17,0.72,0.41,0
Pietermaritzburg,South Africa,6.84,31.36,3.71,1.71,1.82,1.72,0.78,0.58,0.76,0.83,0
Thiruvananthapuram,India,1.6,9.21,4.3,2.33,4.3,1.57,0.42,0.19,0.57,0.51,1
Changhua,Taiwan,3.27,16.37,4.22,1.23,1.31,2.05,0.79,0.57,2.95,2.62,0
Cucuta,Colombia,3.15,12.59,4.09,0.94,1.4,0.91,0.5,0.39,0.6,0.86,0
Ciudad Guayana,Venezuela,8.5,25,14.5,1,3,4,1,1,1.9,1,0
Zaporizhzhia,Ukraine,5.44,19.72,4.08,0.82,1.36,0.84,0.48,0.39,0.74,0.49,1
Tyumen,Russia,9.6,36.8,6.4,2.16,4,2.51,1.52,0.76,1.14,0.64,1
Lviv,Ukraine,4.49,20.4,4.08,1.09,1.63,1.23,0.55,0.42,0.91,0.6,1
Kumamoto,Japan,8.93,29.78,7,5.96,9.5,3.79,0.74,1.24,1.36,1.27,0
Osogbo,Nigeria,1.58,11.26,5.63,0.81,1.13,1.59,0.31,0.23,2.7,0.96,0
Orumiyeh,Iran,3.75,20.5,4.25,0.95,1.43,1.43,0.65,0.7,0.82,1.69,0
Sarasota,United States,25,70,9,4,6,4.89,2.58,2.09,1.08,3.37,1
Mississauga,Canada,11.12,59.29,8.89,4.82,5.19,3.38,1.41,1.15,1.79,2.13,1
Cagayan de Oro,Philippines,1.79,26.91,2.2,1.35,1.61,2.51,1.53,0.58,1.26,0.63,0
Birmingham,United States,15.5,60,8.25,5.5,7.99,5.06,2.38,1.71,1.05,3.79,1
Torreon,Mexico,7.48,25.78,4.59,1.19,3.61,2.72,0.84,0.67,1.1,2.37,0
Dayton,United States,8,54,7.5,3.25,6,3.79,2.25,1.27,0.83,2.68,0
Sagamihara,Japan,6.33,30.9,5.21,4.47,4.47,3.28,0.97,0.82,1.43,2.06,0
Okayama,Japan,6.7,22.34,5.21,2.98,2.23,2.65,1.03,0.37,1.49,1.37,0
Enugu,Nigeria,1.13,28.14,9.01,0.9,0.84,2.25,0.27,0.23,3.38,1.46,0
Fresno,United States,15,60,9,5.62,7,4.99,2.56,1.43,1.17,2.67,1
Rochester,United States,20,70,9,4,6,3.42,2,1.71,0.86,2.45,1
City of Paranaque,Philippines,2.69,21.53,2.47,2.24,2.24,2.24,0.81,0.48,1.44,0.99,0
Bhiwandi,India,0.86,9.83,1.84,1.84,3.99,1.45,0.45,0.18,0.64,0.45,0
Santo Andre,Brazil,5.75,28.74,5.75,1.63,3.64,1.6,0.89,0.51,0.92,1.63,0
Osasco,Brazil,5.75,19.16,5.75,1.53,2.3,1.48,0.91,0.48,0.83,1.12,0
Warangal,India,2.46,9.83,3.38,2.15,4.3,1.6,0.37,0.2,0.72,0.53,0
Dasmarinas,Philippines,3.59,17.94,2.78,1.35,2.47,2.72,0.98,0.53,1.6,1.11,0
Saharanpur,India,2.15,6.14,5.53,1.54,2.7,0.98,0.4,0.18,0.68,0.41,0
Salem,India,1.23,9.21,4.91,2.76,2.46,2.15,0.43,0.31,0.67,0.48,0
Latakia,Syria,2.99,10,4.04,1,2,0.94,0.73,0.41,0.75,0.75,0
General Santos,Philippines,4.04,9.87,2.6,1.12,1.35,2.15,0.31,0.27,1.44,0.9,0
Bacoor,Philippines,3.59,10.77,2.78,1.35,2.47,2.72,0.98,0.53,1.17,0.9,0
Hamilton,Canada,14.08,61.14,8.89,5.19,5.56,3.43,1.86,1.28,1.62,2.48,1
Lodz,Poland,5.63,33.81,5.63,2.25,1.8,2.64,1.09,0.75,0.66,0.89,1
Hamah,Syria,3.5,12,2.5,2,3,0.75,0.9,0.5,0.5,0.75,0
Sevilla,Spain,10.54,42.15,8.69,2.63,2.63,1.62,1.56,1.26,0.83,0.81,1
Bauchi,Nigeria,1.58,11.26,4.5,0.68,1.01,2.25,0.34,0.24,2.48,0.68,0
Tolyatti,Russia,6.4,32,5.36,1.28,1.92,2.29,1.07,0.44,1.15,0.73,0
Sao Jose dos Campos,Brazil,4.79,30.42,6.71,1.53,2.87,1.46,0.99,0.67,0.99,1.22,1
Allentown,United States,22,48,8.38,4.5,10,3.5,2.9,2.05,0.88,4.07,0
Kochi,India,1.84,7.98,3.5,1.47,2.46,1.34,0.46,0.16,0.61,0.5,1
Shizuoka,Japan,4.84,30.9,5.21,5.96,4.47,2.88,0.97,0.82,1.43,2.06,0
Karbala',Iraq,4.1,15,4.91,3.53,4.21,1.52,0.34,0.26,1.02,0.64,0
Palermo,Italy,10.54,52.69,8.69,4.21,3.69,1.71,1.71,1.05,0.91,1.69,1
Rasht,Iran,5,19,3.28,0.75,1,1.93,0.5,0.35,0.8,0.25,0
Tulsa,United States,13.25,48,8,4,5,4.42,1.89,1.54,1.1,2.32,1
As Sulaymaniyah,Iraq,5.5,25.09,7.3,1.38,1.59,3.14,0.65,0.32,1.22,0.8,1
Mazatlan,Mexico,7.74,25.78,7.4,1.68,2.32,2.62,0.97,0.68,1.13,1.7,0
Acapulco de Juarez,Mexico,5.88,20.63,6.19,1.55,3.61,1.48,0.76,0.74,1.06,1.92,0
Gorakhpur,India,1.84,9.83,3.07,1.66,2.46,1.37,0.36,0.17,0.63,0.47,0
Cape Coral,United States,14.99,57,10,5,7,4.25,2.42,1.74,0.94,2.86,0
Durango,Mexico,5.32,24.5,6.34,1.39,2.15,2.62,0.97,0.68,1.04,1.7,0
Ribeirao Preto,Brazil,5.27,21.08,4.79,1.92,1.82,1.39,0.83,0.57,0.97,1.48,0
Al Hufuf,Saudi Arabia,6.65,39.91,6.65,1.33,1.33,3.84,0.7,0.23,1.33,0.86,0
Concord,United States,22,70,8,8,6,3.38,2.02,1.3,0.85,2.69,0
Guntur,India,2.46,9.83,4.91,1.84,2.82,1.8,0.53,0.29,0.76,0.43,0
Tlalnepantla,Mexico,2.71,15.47,4.13,1.21,1.42,1.96,0.72,0.46,1.13,1.6,0
San Jose del Monte,Philippines,2.96,17.94,3.58,1.08,1.93,1.79,0.99,0.51,1.55,0.99,0
Sialkot City,Pakistan,1.68,10.06,2.48,0.61,2.01,1.34,0.22,0.17,0.55,0.47,1
Sargodha,Pakistan,0.45,17.88,3.58,2.46,4.02,0.67,0.16,0.11,0.45,0.43,0
Bouake,Ivory Coast,3.21,32.13,8.84,0.96,2.41,2.46,0.76,0.63,1.75,0.56,0
Hue,Vietnam,1.22,12.24,4.08,0.82,0.82,1.22,0.49,0.2,1.28,0.82,0
Ansan,South Korea,5.38,23.05,5.38,3.07,3.46,3.46,1.27,0.61,2.56,2.43,0
Dusseldorf,Germany,11.59,59.54,9.48,4.74,4.21,3.37,2.9,2.56,1.1,2.33,1
Sorocaba,Brazil,5.36,28.74,7.28,2.3,2.87,1.57,1.05,0.6,0.93,1.08,1
Contagem,Brazil,3.83,28.74,5.73,0.77,1.92,1.3,0.57,0.29,0.75,1.4,0
Izhevsk,Russia,8,44,5.6,1.6,2.4,2.58,1.08,0.37,1.09,0.64,1
Tripoli,Lebanon,10,40,8,3,4.5,1.79,1.05,0.36,1.75,0.42,0
Tiruppur,India,1.23,7.98,3.07,1.47,2.46,1.34,0.31,0.16,0.61,0.43,0
Wroclaw,Poland,7.89,33.81,5.63,2.82,2.7,2.64,1.37,0.96,0.72,0.96,1
Jeonju,South Korea,5.38,28.04,4.46,3.07,3.84,2.5,1.05,0.46,2.07,1.59,0
Petaling Jaya,Malaysia,2.96,24.27,3.42,4.9,5.7,3.03,0.68,0.45,1.75,0.74,1
Cochabamba,Bolivia,2.89,18.8,7.23,1.74,3.69,2.66,0.72,0.55,0.97,1.2,1
Rotterdam,Netherlands,15.81,68.49,8.69,5.27,4.21,3.19,2.56,2.53,1.09,1.88,1
Stuttgart,Germany,12.64,63.22,9.64,4.21,4.21,3.26,3.02,2.68,1.19,2.01,1
Gold Coast,Australia,13.59,61.16,10.19,5.44,6.12,3.45,2.24,1.6,1.11,2.23,1
Ta`izz,Yemen,5.99,17.97,9,2,1.8,2.9,1.05,0.72,2.01,1.2,0
Colorado Springs,United States,20.5,64.35,10,5,7,5.5,2.7,2.1,0.98,3.69,1
Charleston,United States,21,70,8.5,5.25,6,4.6,2.15,1.95,0.84,2.89,1
Aracaju,Brazil,4.79,19.16,5.75,1.53,2.39,1.5,0.7,0.48,0.94,1.32,0
Makati City,Philippines,5.38,35.88,3.59,1.7,3.59,2.33,0.83,0.47,1.71,1.3,1
Barnaul,Russia,5.6,36,5.6,1.15,1.76,1.73,1.02,0.42,1.12,0.69,0
Benghazi,Libya,2.73,24.69,3.09,1.03,0.36,0.74,0.43,0.23,1,0.61,0
Mangalore,India,1.84,7.37,2.46,1.47,2.76,1.56,0.39,0.16,0.53,0.47,1
Glasgow,United Kingdom,18.45,73.8,7.38,4.92,4.92,3.61,1.87,1.15,1.19,1.28,1
Kryvyi Rih,Ukraine,5.44,16.32,3.94,0.41,0.95,0.82,0.54,0.33,0.75,0.57,0
Raurkela,India,1.35,9.83,4.3,1.47,1.97,0.98,0.27,0.18,0.59,0.26,0
Springfield,United States,10,47.5,8.5,5,6,3.96,2.67,1.65,0.99,2.63,1
Namangan,Uzbekistan,1.75,25,3,0.7,1.5,0.9,0.36,0.4,0.7,0.27,0
Ulyanovsk,Russia,8,32,4.47,1.6,2.4,1.93,1.12,0.4,1.14,0.7,0
Jos,Nigeria,1.58,11.26,4.5,0.68,1.01,2.15,0.34,0.24,2.48,0.71,0
Nanded,India,2.46,7.37,3.38,1.84,3.07,0.61,0.31,0.2,0.76,0.33,0
Irkutsk,Russia,8.4,40,6.4,2.56,3.6,2.96,1.09,0.51,1.27,0.85,1
Pontianak,Indonesia,1.3,9.72,3.24,3.08,2.43,1.52,0.64,0.38,1.3,1.2,0
Las Pinas City,Philippines,4.4,17.04,2.47,0.9,1.61,2.99,0.97,0.66,2.69,1.47,0
Vladivostok,Russia,8,48,5.6,2.48,3.2,2.63,1.39,0.66,1.7,0.76,1
Khabarovsk,Russia,16,48,6.4,2.16,2.8,2.8,1.26,0.88,1.51,0.77,1
Kuantan,Malaysia,1.71,14.81,3.42,4.67,3.53,2.88,0.66,0.28,2.48,1.79,0
Feira de Santana,Brazil,3.45,19.16,5.17,1.25,1.63,1.34,0.7,0.48,0.94,1.32,0
Sanya,China,2.28,21.35,4.91,2.56,1.85,3.7,0.38,0.26,1.57,1.33,0
Grand Rapids,United States,15,60,9,4.5,7,4.72,2.28,1.78,0.83,2.77,1
Yaroslavl,Russia,12.8,40,8.8,2.8,4,2.13,1.11,0.46,1.08,0.63,1
San Miguel de Tucuman,Argentina,10,35,3.5,1,2,1.3,1,1.1,0.85,0.78,0
Gothenburg,Sweden,11.62,58.1,8.72,6.29,6.78,3.76,1.84,1.72,1.31,2.38,1
Bacolod,Philippines,2.15,13.01,2.69,0.9,2.24,2.21,0.51,0.39,1.52,1.13,0
Jambi,Indonesia,1.3,25.93,3.24,1.3,2.59,1.94,1.04,0.2,1.33,2.07,0
Cimahi,Indonesia,1.3,11.34,2.92,1.94,2.59,1.83,0.56,0.3,1.11,0.91,0
Cuttack,India,0.74,7.37,4.3,1.23,2.46,1.15,0.21,0.21,0.54,0.43,0
Uberlandia,Brazil,3.45,19.16,6.13,1.1,2.11,0.91,0.8,0.36,0.96,1.47,0
Leipzig,Germany,9.48,52.69,8.43,4.21,3.69,3.3,2.81,2.49,1.07,1.55,1
Durban,South Africa,8.55,34.22,3.99,1.82,2.28,1.73,0.94,0.74,1.07,0.84,1
Tuxtla,Mexico,4.64,23.85,5.16,7.48,2.32,3.09,0.93,0.64,1.22,1.88,0
Suginami-ku,Japan,6.33,37.23,5.21,3.35,4.47,3.05,0.94,0.82,1.49,1.36,0
Kawaguchi,Japan,6.33,29.78,4.91,2.61,3.72,3.28,0.92,0.66,1.34,1.23,0
Brampton,Canada,11.12,66.7,7.41,5,5.19,2.61,1.66,0.98,1.66,1.92,1
Tumkur,India,2.3,9.83,2.46,1.35,2.7,1.84,0.37,0.12,0.56,0.43,0
Pereira,Colombia,2.62,15.21,5.24,0.73,1.89,1.26,0.52,0.4,1.27,1.1,1
Kagoshima,Japan,8.93,29.78,6.54,3.72,3.71,2.69,1.13,1.01,1.19,1.36,0
Dortmund,Germany,12.64,52.69,8.43,3.64,3.16,3.14,2.07,2.04,1.06,2.21,1
Irapuato,Mexico,5.16,18.05,5.93,1.8,3.61,1.93,0.64,0.46,1.01,1.23,0
Mar del Plata,Argentina,5,30,4,1.5,3,1.25,1.42,1.01,0.68,0.94,0
Makhachkala,Russia,4.8,30,6,1.92,4.8,2.77,1.22,0.51,1.46,0.55,0
Albany,United States,13.5,65,9,5,6,3.62,2.02,1.39,1.07,3.41,1
Knoxville,United States,14,55,8,4,5.5,4.03,2.05,1.46,0.93,2.61,1
Bucaramanga,Colombia,2.52,12.59,3.78,1.05,1.26,0.91,0.68,0.5,0.76,0.53,1
Mission Viejo,United States,14,75,9.76,5,8.5,4.17,2,1.38,1.17,4.13,0
Reynosa,Mexico,7.99,18.56,5.67,2.45,3.87,1.8,1.05,0.6,1.03,1.55,0
Essen,Germany,11.59,55.32,8.69,4,3.16,3.01,2.63,1.79,0.98,1.77,1
Genoa,Italy,15.81,63.22,8.43,5.27,5.27,1.71,2.63,1,1.57,2.49,1
Bakersfield,United States,16,55,9,6,7,5.6,2.45,2.21,1.01,3.72,1
Shah Alam,Malaysia,2.28,18.23,3.65,1.82,3.19,2.62,0.68,0.44,1.6,0.78,1
Cuiaba,Brazil,3.83,13.41,4.6,0.96,1.53,1.15,0.91,0.57,0.89,1.28,0
Ogden,United States,11,40,7,3,4.5,4.8,1.67,1.2,0.76,3.5,0
Malaga,Spain,10.54,47.42,8.43,2.63,3.16,1.84,1.94,1.26,0.83,1.03,1
Puente Alto,Chile,5.09,39.62,4.07,2.26,1.81,1.7,1.02,0.81,1.02,0.98,0
Tomsk,Russia,8,24,6.4,1.48,2,2.4,0.98,0.46,1.06,0.56,1
Dehra Dun,India,1.84,18.42,5.22,2.03,2.33,1.41,0.37,0.19,0.71,0.44,1
Bristol,United Kingdom,18.45,73.8,7.38,5.54,6.15,4.14,2.18,1.49,1.33,1.3,1
Bremen,Germany,12.64,52.69,10.53,4.74,3.16,3.34,2.02,2.33,1.2,1.73,1
Hachioji,Japan,7.45,27.55,5.21,3.72,3.72,2.23,1.49,0.71,1.36,1.79,0
Akron,United States,22,70,10.5,5,4.75,4.86,1.62,1.29,0.85,2.12,0
Irbid,Jordan,3.52,28.2,6.34,4.93,6.7,1.06,0.51,0.35,1.3,0.42,1
Baton Rouge,United States,19,75,8,3,4.75,4.25,1.95,1.46,1.07,3.1,0
Ensenada,Mexico,6.19,28.36,5.93,2.58,2.58,2.73,1.04,0.69,1.21,1.96,1
Durgapur,India,0.98,7.37,4.91,1.66,1.97,0.74,0.39,0.13,0.56,0.34,0
Columbia,United States,15,65,7.25,3.38,5,3.77,2.17,1.34,0.91,2.88,0
New Haven,United States,15,80,9,8,7,5,2.1,1.78,1.11,6.61,1
Orenburg,Russia,18,68.8,5.2,3.52,4.56,2.88,1.7,1.12,1,0.49,0
Asansol,India,2.15,13.82,6.14,1.84,2.52,1.19,0.41,0.15,0.62,0.42,0
Dresden,Germany,10.54,47.42,8.96,3.69,3.69,3.14,2.97,2.26,1.03,1.04,1
Nellore,India,1.35,11.05,3.07,0.98,2.46,1.47,0.32,0.17,0.69,0.43,0
Surakarta,Indonesia,1.3,7.13,2.92,2.27,3.08,0.89,0.81,0.29,1.2,0.94,0
Kemerovo,Russia,3.95,19.73,2.17,1.09,4,1.18,0.59,0.27,1.24,0.69,0
Manchester,United Kingdom,18.45,73.8,7.38,5.54,5.84,3.82,2.12,1.58,1.32,1.39,1
Amravati,India,2.03,8.9,4.18,1.84,3.68,1.51,0.43,0.16,0.61,0.3,0
Bhavnagar,India,0.61,9.83,3.68,1.84,3.68,1.23,0.37,0.14,0.7,0.37,0
Juiz de Fora,Brazil,2.78,38.32,4.79,1.34,2.3,1.34,1.1,0.56,0.81,1.21,0
Hamadan,Iran,4,30,4.98,0.8,1.94,1.51,0.93,0.77,0.81,0.53,0
Novokuznetsk,Russia,5.57,24,3.52,3.68,3.18,1.44,0.93,0.31,1.1,0.56,0
Chiclayo,Peru,2.61,22.19,4.83,1.44,2.61,2.35,0.65,0.44,0.91,0.6,0
Londrina,Brazil,3.83,17.24,5.36,1.53,2.87,1.11,0.86,0.5,0.72,1.29,1
Heroica Matamoros,Mexico,4.13,36.1,4.64,1.29,2.06,2.54,0.62,0.52,1.63,2.97,0
Tabuk,Saudi Arabia,10.64,27.93,6.65,1.33,1.6,2.48,0.67,0.3,1.42,0.62,0
Muntinlupa City,Philippines,4.49,17.94,3.5,1.44,2.11,2.33,0.83,0.39,1.71,1.27,0
Samarkand,Uzbekistan,5,19.44,3.5,1.2,2.75,1.55,0.6,0.29,0.99,0.27,0
Hannover,Germany,10.54,57.96,8.43,5.01,4.21,3.36,2.98,3.01,0.99,2.36,1
Valledupar,Colombia,1.91,8.7,5.78,1.26,1.94,1.44,0.63,0.66,0.95,0.88,0
Ajmer,India,0.86,6.14,3.07,3.07,2.46,0.74,0.31,0.18,0.53,0.55,0
Poznan,Poland,6.76,33.81,5.63,2.25,2.14,2.59,1.36,1.32,0.75,0.94,1
City of Calamba,Philippines,2.78,26.91,2.69,1.7,3.59,2.33,0.83,0.47,1.6,1.2,0
Antwerp,Belgium,18.97,79.03,9.48,4.21,4.21,3.32,2.72,2.48,1.08,2.07,1
Ryazan,Russia,8,35.2,5.6,2.4,3.2,1.96,1.34,0.48,1.23,0.67,1
Ibague,Colombia,2.1,14.69,3.99,0.63,1.15,0.73,0.45,0.26,0.76,0.93,0
Lyon,France,15.81,63.22,10.54,6.85,5.8,2.95,2.78,1.53,0.96,1.58,1
Kerman,Iran,4.96,23.7,4.13,1.19,1.37,2.41,0.84,0.39,1.33,1.04,0
Astrakhan,Russia,6.4,19.2,5.6,1.6,2.4,2.4,1.28,0.48,1.24,0.54,0
Naberezhnyye Chelny,Russia,8,37.6,4.8,1.28,2.4,1.44,0.95,0.4,1.07,0.68,0
Ardabil,Iran,4.15,19,5.95,1,0.75,1.11,0.5,0.35,0.83,0.65,0
Agartala,India,3.07,8.6,4.3,3.07,4.3,1.11,0.49,0.16,0.8,0.49,0
Bikaner,India,2.15,9.21,2.61,1.54,5.1,1.21,0.43,0.15,0.56,0.44,0
Ndola,Zambia,3,18.37,3.17,1.22,1.5,1.81,0.88,0.47,1.34,0.95,0
Himeji,Japan,7.45,37.23,5.21,2.98,3.72,2.65,1.03,0.78,1.51,1.37,0
Villavicencio,Colombia,1.68,11.54,3.78,0.63,1.57,1.42,0.52,0.5,0.76,1.1,0
Ciudad Apodaca,Mexico,8.77,28.36,10.31,1.55,1.55,0.77,0.64,0.41,1.96,2.58,0
Sheffield,United Kingdom,13.53,61.5,8.2,4.92,4.77,3.53,1.59,1.15,1.27,1.16,1
Penza,Russia,7.2,36,7.2,2.72,1.6,2.19,0.83,0.31,1.13,0.61,0
Port Said,Egypt,3.26,16.28,3.26,1.63,1.83,1.15,0.23,0.15,0.66,0.35,0
Arak,Iran,3,17,3,0.85,1,1.03,0.4,0.33,0.65,0.73,0
Mesa,United States,13,70,7.5,5,6,5.43,3.06,1.51,0.76,2.37,1
Pohang,South Korea,5.38,25.35,6.41,1.92,2.88,3.17,1.23,0.59,2,1.92,0
Liverpool,United Kingdom,18.45,79.95,7.38,5.63,4.8,3.65,1.68,1.04,1.1,1.18,1
Meknes,Morocco,1.13,9.44,5.67,2.36,1.89,1.64,0.52,0.33,0.62,0.63,0
Nuremberg,Germany,10.54,52.69,8.43,3.69,4.21,3.14,2.96,3.11,0.98,1.6,1
Surrey,Canada,13.34,59.29,7.41,5.1,5.56,3.9,1.63,1.35,1.74,1.98,1
Utsunomiya,Japan,8.19,28.66,6.33,2.61,3.72,2.61,1.49,1.4,1.23,1.71,0
Suez,Egypt,2.85,12.21,3.26,1.32,2.03,1.08,0.24,0.13,0.59,0.61,0
Ujjain,India,3.68,7.98,4.91,1.78,3.38,0.74,0.25,0.12,0.68,0.39,0
Santa Marta,Colombia,3.15,17.83,4.2,0.59,1.47,1.26,0.58,0.42,0.57,0.6,0
Joinvile,Brazil,5.27,26.82,5.75,2.11,3.83,1.8,1,0.63,0.83,1.29,1
Maturin,Venezuela,8,30,10.25,1.25,2.25,1.25,1,1.43,1.9,1,0
Ulhasnagar,India,1.23,4.91,1.84,2.46,3.07,0.74,0.36,0.14,0.68,0.34,0
Lipetsk,Russia,6.4,36,4,1.2,2.4,1.6,0.83,0.68,1.05,0.64,0
Al `Amarah,Iraq,4.2,25.02,6.44,5,4.2,0.9,0.33,0.21,1,0.73,0
Choloma,Honduras,2.53,26.4,5.97,1.61,2.74,2.03,0.71,0.67,1.03,1.24,0
Matsuyama,Japan,5.96,26.06,5.21,2.23,2.61,3.35,1.02,0.74,1.56,1.6,0
Pingtung,Taiwan,3.27,19.64,3.93,1.31,1.31,1.31,0.65,0.49,3.44,2.95,0
Lapu-Lapu City,Philippines,2.69,20.63,2.78,1.44,2.06,2.47,0.56,0.37,1.68,1.13,0
Jammu,India,4.3,14.74,3.07,1.54,1.84,1.29,0.34,0.13,0.6,0.4,1
Ichikawa,Japan,5.58,29.78,5.4,2.61,2.61,2.61,0.84,0.65,1.23,1.12,0
Imus,Philippines,5.38,35.88,3.59,1.7,3.59,2.33,0.83,0.47,1.71,1.3,0
Niteroi,Brazil,5.56,28.7,5.75,0.96,2.11,1.64,1.01,0.55,1.01,1.42,1
Worcester,United States,30.5,67.5,10,5,6,3.6,2.33,1.9,1.06,3.3,0
Kirov,Russia,12.8,24,3.89,1.6,2.24,1.76,0.94,0.4,0.91,0.66,0
Sukkur,Pakistan,1.12,15.65,4.02,1.79,3.58,0.76,0.28,0.22,0.45,0.28,0
Oujda-Angad,Morocco,2.6,16.06,5.19,2.08,1.79,1.28,0.43,0.26,0.68,0.5,1
Mykolaiv,Ukraine,3.4,17.68,2.99,0.54,1.36,0.77,0.47,0.31,0.74,0.38,0
Chimbote,Peru,2.61,22.19,7.81,2.61,4.7,3.79,0.65,0.44,0.91,0.6,0
Johor Bahru,Malaysia,2.17,21.65,3.42,3.42,4.56,2.6,0.66,0.34,1.58,0.7,1
Celaya,Mexico,5.16,23.21,6.19,1.8,3.09,3.17,0.81,0.68,1.15,1.91,0
Duisburg,Germany,10.54,47.42,9.48,4.06,4.21,3.06,2.85,2.56,1.06,1.13,0
Matsudo,Japan,5.58,27.92,5.21,2.61,2.61,2.23,0.84,0.65,1.36,1.45,0
Kota Bharu,Malaysia,2.39,9.12,3.42,3.42,3.42,2.43,0.61,0.4,1.29,0.65,0
Toulouse,France,17.12,63.22,9.48,6.32,5.27,2.81,2.46,1.99,1.1,1.75,1
Belgaum,India,1.23,6.14,3.07,2.33,3.68,1.43,0.33,0.15,0.61,0.44,0
Larkana,Pakistan,1.23,15.65,4.02,1.9,3.58,0.97,0.28,0.22,0.54,0.36,0
`Ajman,United Arab Emirates,3.4,32.67,6.81,8.85,11.57,4.17,0.61,0.27,1.48,1.03,1
Edinburgh,United Kingdom,18.45,73.8,7.38,5.54,5.54,3.77,2,1.29,1.19,1.31,1
Tula,Russia,12.8,48,6.8,1.87,4,2.72,1.25,0.57,1.25,0.7,1
Wichita,United States,12,45,7.5,3.5,5.5,4,1.92,1.25,0.81,2.7,1
Toledo,United States,20,60,9.75,3.25,5,4.75,2.25,1.75,0.81,2.43,1
Cheboksary,Russia,10,24,5.6,1.26,1.92,1.44,1.04,0.4,1.02,0.6,0
Serra,Brazil,3.07,9.58,11.5,1.34,2.2,0.96,0.86,0.38,1.18,1.05,0
Greenville,United States,20,60,8,4,6,4.32,1.9,1.53,0.84,2.77,1
Jamnagar,India,2.46,10.13,2.76,3.38,5.53,1.64,0.44,0.17,0.7,0.31,0
Gulbarga,India,2.46,9.83,2.64,2,2.46,0.98,0.37,0.16,0.59,0.4,0
Az Zarqa',Jordan,4.23,28.2,7.05,7.05,7.05,2.11,0.53,0.32,1.47,0.53,0
Florianopolis,Brazil,5.75,34.49,6.71,1.63,2.87,1.7,1.13,0.8,1,1.43,1
Kaliningrad,Russia,10,35.2,6.4,1.6,2.4,2.35,1.23,0.61,1.04,0.86,1
Sylhet,Bangladesh,1.95,5.85,4.88,4.63,4.76,1.66,0.45,0.17,0.82,0.47,1
Oita,Japan,5.96,33.5,4.99,3.72,4.47,2.98,1.02,0.56,1.37,1.43,0
Staten Island,United States,20,100,9.95,6,8,4.67,2.08,1.33,1.06,3.69,0
San Juan,Argentina,6,26.5,5.5,1.5,2.5,1.62,0.66,0.57,0.87,1.5,0
Leicester,United Kingdom,17.22,61.5,7.38,5.23,5.54,3.59,2.03,1.07,1.14,1.13,1
Des Moines,United States,15.5,60,8,3,6,4.68,2.17,1.29,1.06,2.4,0
Mandaluyong City,Philippines,2.96,17.94,2.69,1.79,2.24,1.79,0.34,0.31,1.55,0.99,0
Piura,Peru,2.61,9.14,4.56,1.44,1.7,2.51,0.49,0.4,1.63,1.27,0
Angeles City,Philippines,2.69,31.4,4.05,1.53,2.6,2.37,0.76,0.68,1.5,1.19,1
Buraydah,Saudi Arabia,6.65,18.62,6.25,1.6,1.46,3.28,0.67,0.22,1.9,1.51,0
Gdansk,Poland,6.76,33.81,5.63,2.7,2.25,2.51,1.56,1.4,0.71,0.94,1
Lanus,Argentina,5,25,5,1,2,1.3,1.03,0.81,0.74,0.97,0
Ba`qubah,Iraq,5.49,24.5,10,2,1.71,3.5,0.5,0.29,1.13,0.78,0
Iloilo,Philippines,5.38,15.25,3.05,0.9,1.53,4.49,0.38,0.3,2.11,1.11,0
Murcia,Spain,12.64,52.69,8.43,2.11,2.63,1.84,1.62,0.85,0.92,1.07,1
Manado,Indonesia,1.3,12.96,3.08,2.59,8.43,3.89,0.32,0.16,1.25,1.13,0
Marikina City,Philippines,2.69,16.15,2.69,1.7,1.53,2.11,0.83,0.47,1.71,1.13,0
Kanazawa,Japan,6.7,27.92,5.21,2.98,2.61,3.35,0.89,0.79,1.23,1.49,0
Long Beach,United States,20,65,9.85,7.25,8,5.79,3.01,1.89,1.24,4.62,1
Calabar,Nigeria,0.9,22.51,4.17,0.79,1.46,1.13,0.51,0.39,1.35,1.32,0
Jalgaon,India,3.68,9.83,4.91,1.84,3.38,1.02,0.38,0.12,0.63,0.51,0
Port St. Lucie,United States,15,49,9,5,6,4.2,2.98,2.43,0.96,3.02,1
Fukuyama,Japan,6.33,44.67,5.58,3.16,5.21,3.43,1.14,0.9,1.45,1.66,0
Cranbourne,Australia,13.59,40.77,9.51,5.44,3.06,2.88,2.49,2.04,1.38,2.21,0
Melaka,Malaysia,2.51,12.54,3.42,2.64,3.42,2.74,0.6,0.38,1.44,0.83,0
Pyeongtaek,South Korea,5.38,19.21,5.38,2.88,3.19,3.07,1.15,0.56,1.69,1.06,0
Tel Aviv-Yafo,Israel,19.08,88.08,16.15,9.4,8.81,4.23,3.1,2.28,1.77,2.72,1
Denton,United States,12.75,45,8,3.5,5,4.5,1.85,1.29,0.76,2.72,0
Udaipur,India,2.76,12.28,2.92,1.23,3.68,2.06,0.48,0.17,0.54,0.42,0
General Trias,Philippines,3.59,8.97,2.23,1.79,3.95,2.04,0.82,0.34,1.39,1.19,0
Tanta,Egypt,4.07,14.24,2.85,1.22,2.44,1.15,0.27,0.16,0.73,0.33,1
Kota Kinabalu,Malaysia,2.74,13.68,4.1,3.42,4.56,2.66,0.57,0.32,1.48,1.01,1
Madison,United States,14,75,9,5,6,4.25,1.93,1.19,0.88,3.9,1
Kursk,Russia,8,32,6.8,1.87,2.4,1.44,0.64,0.32,1.05,0.64,0
Balashikha,Russia,12.8,48,6.8,1.87,4,2.72,1.25,0.57,1.36,0.83,0
Rajshahi,Bangladesh,1.51,5.85,4.88,1.76,4.15,1.85,0.29,0.15,0.63,0.51,0
Mariupol,Ukraine,6.8,21.76,3.81,1.09,1.5,1.1,0.63,0.43,0.68,0.53,0
San Nicolas de los Garza,Mexico,7.99,18.56,5.67,1.29,3.87,1.8,1.05,0.6,1.12,1.55,0
Reno,United States,18,65,9,5,6,5.56,2.11,1.72,0.99,3.57,1
Hsinchu,Taiwan,3.27,22.91,4.25,1.8,1.64,2.38,0.79,0.68,3.02,2.13,1
Barcelona,Venezuela,10.45,32.15,7.5,1.93,2,2.3,1.03,0.54,1.47,1.5,0
Ado-Ekiti,Nigeria,1.58,9.01,6.75,1.01,1.8,3.4,0.35,0.2,2.93,0.79,0
Constantine,Algeria,2.53,14.47,4.34,2.1,1.45,0.82,0.49,0.24,0.89,0.15,1
Harrisburg,United States,12.5,50,7,4.5,6,3.5,2.28,1.12,1.06,4.08,0
Santiago de Cuba,Cuba,6.5,15,5,4,2,2,2,1,3.8,1.1,0
Sao Jose do Rio Preto,Brazil,3.83,15.33,4.5,0.96,2.39,1.01,0.72,0.35,0.92,0.77,0
Andijon,Uzbekistan,2,65,2.5,0.7,1.7,1.77,0.36,0.75,0.7,0.23,0
Zurich,Switzerland,26.71,128.21,16.03,7.48,7.48,5.6,4.65,4.42,1.78,3.17,1
Little Rock,United States,15,62.5,10,4.75,6,4.4,2.67,1.52,1.06,3.12,1
Manizales,Colombia,2.1,14.69,4.98,0.57,1.47,1.12,0.45,0.34,0.74,0.65,1
Santos,Brazil,5.75,33.53,5.75,2.3,3.64,1.6,1.1,0.67,0.96,1.98,1
Yogyakarta,Indonesia,1.3,7.78,2.92,2.27,3.24,1.62,0.64,0.26,1.22,0.98,1
Kashiwa,Japan,7.45,28.66,6.33,1.86,2.98,2.61,0.97,0.82,1.41,1.63,0
Caxias do Sul,Brazil,5.75,22.99,7.66,0.96,2.87,1.3,0.86,0.62,0.91,0.95,0
Jeju,South Korea,6.53,30.73,5.76,3.84,6.91,4.43,1.64,0.75,1.82,2.35,0
Oakland,United States,17.5,90,10.25,7,7,4.73,2.42,1.72,1.16,4.67,1
Stavropol,Russia,8.32,40,4.8,1.2,2.24,2.44,0.99,0.5,1.18,0.7,0
Cusco,Peru,1.96,26.11,5.74,2.09,3.92,1.57,0.67,0.48,1.2,1.82,1
Zanjan,Iran,4,19,5.5,0.75,1,1.93,0.4,0.35,0.8,0.44,0
Veracruz,Mexico,4.64,25.78,6.7,1.8,3.35,2.32,0.89,0.62,1.13,1.62,0
Welkom,South Africa,3.19,34.22,4.13,1.94,2.28,1.03,0.87,0.63,0.97,0.94,0
Kenitra,Morocco,4.25,23.61,5.67,2.36,1.89,1.42,1.01,0.5,0.71,0.63,1
Aomori,Japan,15.23,40.62,10.16,3.05,4.06,3.05,2.03,2.03,1.27,1.49,0
Durham,United States,15,66.25,8,3.75,7,4.45,2.06,1.27,0.88,3.03,1
Agadir,Morocco,2.83,32.11,5.25,2.83,4.72,1.68,0.53,0.28,0.65,0.58,1
Porto Velho,Brazil,5.75,21.08,13.41,1.92,2.87,1.92,1.34,0.96,1.11,1.09,0
Laval,Canada,13.63,51.88,11.12,2.22,4.45,3.34,1.67,1.02,1.72,2.12,1
Akola,India,1.84,10.44,2.46,1.84,3.5,1.09,0.28,0.18,0.68,0.43,0
Uijeongbu,South Korea,5.38,36.49,5.76,2.3,3.07,3.46,1.34,0.79,1.84,2.85,0
Mogi das Cruzes,Brazil,4.79,19.16,4.79,2.3,4.79,1.72,1.09,0.6,0.81,1.05,0
Yazd,Iran,3,10,2.25,0.85,1,1.03,0.4,0.33,0.65,0.42,0
Toyota,Japan,6.7,37.23,5.21,2.98,5.21,3.35,1.02,0.79,1.56,1.6,0
Winston-Salem,United States,18,60,7.5,4,6,4.32,1.88,1.53,0.75,2.39,0
Tver,Russia,11.2,40,4.8,1.4,2.88,2.32,0.94,0.6,1.17,0.66,0
Elazig,Turkey,2.15,6.98,2.82,0.91,1.18,1.01,0.34,0.11,0.53,0.42,0
Seremban,Malaysia,1.37,18.23,3.65,2.74,3.42,1.98,0.56,0.32,1.6,0.78,0
Takamatsu,Japan,3.57,26.06,5.21,1.79,2.61,1.86,0.78,0.67,1.19,0.51,0
Magnitogorsk,Russia,8,38.4,5.6,1.44,1.76,1.65,0.91,0.4,1.07,0.61,0
Chattanooga,United States,15,70,9,6,7,5.44,2.5,1.72,1.06,3.08,1
Indio,United States,15,50,9,6.25,8,4.83,1.88,1.67,1.14,3.22,0
Binan,Philippines,2.22,15.25,3.14,0.9,1.61,1.44,0.4,0.34,1.47,1.21,0
Arusha,Tanzania,2.57,25.72,5.04,0.86,2.06,2.21,0.64,0.32,1.34,0.75,0
Palm Coast,United States,15,47.5,8,3.5,6.5,4.5,1.57,1.88,0.86,2.67,0
Jhang City,Pakistan,0.67,7.82,3.58,4.47,4.47,1.09,0.18,0.15,0.47,0.27,0
Mataram,Indonesia,1.1,12.96,2.43,2.43,3.89,1.13,0.58,0.15,1.23,1.02,0
Kisumu,Kenya,4.28,32.61,5.91,2.04,2.85,2.25,0.54,0.45,0.41,0.41,0
Rio Branco,Brazil,8.62,20.12,7.66,1.72,2.3,1.92,1.15,0.67,1.42,1.92,0
Toyama,Japan,5.96,30.9,4.47,2.98,2.23,3.28,0.74,0.67,1.3,1.38,0
Jayapura,Indonesia,2.27,13.61,4.21,4.21,6.48,2.11,0.45,0.29,1.32,1.76,0
Spokane,United States,15,85,10,5,6.5,4.75,2.86,1.41,0.91,3.14,1
Toyonaka,Japan,6.7,37.23,5.21,2.68,2.61,3.13,0.78,0.67,1.34,0.51,0
Bhagalpur,India,1.84,9.83,4.3,0.8,1.97,0.98,0.27,0.2,0.61,0.49,0
Sochi,Russia,16,48,7.2,1.6,2.4,2.92,1.33,0.72,1.31,0.83,1
Syracuse,United States,13.5,55,8,4,5,4.5,2.33,1.72,0.93,3.32,1
Szczecin,Poland,7.32,32.68,5.63,1.46,2.25,2.59,1.02,0.8,0.75,0.89,1
Bryansk,Russia,8,28,6.4,1.28,1.44,2.08,0.96,0.4,1.39,0.57,0
Asyut,Egypt,3.26,12.21,4.07,1.22,2.03,0.88,0.3,0.17,0.64,0.19,0
Maracay,Venezuela,6.5,30,6.88,1.3,2.25,1.35,1.12,0.82,1.38,2.23,0
Campina Grande,Brazil,3.26,19.16,4.79,0.96,1.92,1.21,0.8,0.36,0.83,1.25,0
Maringa,Brazil,4.79,19.16,5.75,1.32,2.73,1.74,0.9,0.51,0.96,1.49,1
Qazvin,Iran,3.88,28.5,5.66,0.95,1,3.72,1.03,0.51,1.1,0.43,0
Nagasaki,Japan,7.45,29.78,7,5.96,4.47,3.79,1.63,1.24,1.37,1.41,0
Hirakata,Japan,3.57,26.06,5.21,1.79,2.61,1.86,0.78,0.67,1.19,0.51,0
Jundiai,Brazil,5.75,28.74,6.71,1.72,4.79,2.3,1.21,0.83,0.85,1.73,0
Carapicuiba,Brazil,3.64,19.16,5.94,1.05,1.72,1.09,0.67,0.51,0.99,1.15,0
Santa Fe,Argentina,8,20,4.92,1,2,1.3,1.6,0.93,0.74,0.75,0
Arlington,United States,17,95,8,7.5,7.5,4.66,2.67,1.79,1.29,4.55,1
Gifu,Japan,6.7,18.61,5.58,1.49,3.72,3.72,1.46,0.79,1.12,1.68,0
Stockton,United States,20,60,10,6,4.68,4.94,2.85,1.44,1.16,3.09,0
Dera Ghazi Khan,Pakistan,1.12,6.71,2.91,2.24,2.91,0.7,0.18,0.12,0.53,0.35,0
Lancaster,United States,28.5,60,8.95,5.5,6.5,4.02,2.17,1.8,1.17,2.4,1
Poughkeepsie,United States,15,110,7,5,8,4,2,2,0.97,3.85,0
Miyazaki,Japan,7.3,29.78,5.21,2.23,4.17,1.12,0.89,0.73,1.57,1.71,0
Yokosuka,Japan,6.33,44.67,5.21,2.01,2.01,2.49,0.8,0.84,1.45,1.36,0
Nha Trang,Vietnam,3.26,17.34,4.49,1.12,1.84,1.73,0.46,0.29,1.33,0.47,0
Belgorod,Russia,8,40,5.6,1.44,2.4,2.04,0.97,0.42,1.1,0.72,0
Olinda,Brazil,3.35,18.2,3.45,1.05,1.63,0.67,0.96,0.38,1.15,0.67,0
Augusta,United States,12,47.5,7.5,3.5,5,4.25,2.25,1.67,0.84,2.48,1
Ad Diwaniyah,Iraq,2.76,16.81,4.17,1.83,3.5,0.89,0.46,0.2,1,0.78,0
Piracicaba,Brazil,6.04,34.49,6.13,0.96,3.83,1.63,0.73,0.48,0.98,1.59,0
Gujrat,Pakistan,0.67,10.51,3.58,1.79,2.12,0.97,0.22,0.18,0.49,0.26,0
Bologna,Italy,17.91,71.13,8.43,5.27,5.01,1.66,2.68,1.17,1.2,2.01,1
Boise,United States,17.5,60,8.55,5,6,4.33,2.23,1.76,0.81,3.04,1
Bhilwara,India,1.84,8.6,1.84,2.46,5.53,0.98,0.25,0.12,0.45,0.15,0
Florence,Italy,15.81,63.22,9.75,5.27,4.21,1.52,2.78,1.34,1.41,1.86,1
Christchurch,New Zealand,14.11,64.14,8.34,5.77,6.41,3.46,2.23,1.96,1.82,1.51,1
Tetouan,Morocco,1.42,12.28,4.72,2.6,2.83,1.17,0.42,0.26,0.67,0.32,1
Esenyurt,Turkey,3.22,24.15,3.76,2.15,2.68,1.69,0.61,0.2,0.76,0.47,0
Aqtobe,Kazakhstan,6.38,31.88,4.62,0.74,1.06,1.7,0.57,0.47,0.81,0.33,0
Brno,Czech Republic,7.79,34.61,6.92,1.95,2.16,2.53,1.51,1.28,0.94,1.19,1
Oxnard,United States,15.45,52.5,8.25,4.75,6.25,5.05,1.29,1.62,1.04,1.31,0
Modesto,United States,19.5,65,8,6,7.5,4.87,1.94,1.68,1.08,4.07,1
Tarlac City,Philippines,2.69,15.25,4.03,0.99,1.79,1.61,0.89,0.27,1.61,1.52,0
Okazaki,Japan,6.7,27.92,5.55,2.98,2.61,3.35,0.89,0.86,1.23,1.49,0
Aurora,United States,13.5,50,8.5,5.5,6,3.5,2.28,1.4,0.8,2.55,0
Nuevo Laredo,Mexico,12.89,20.63,5.67,1.5,3.87,2.92,0.93,0.72,0.83,1.55,0
London,Canada,16.68,74.11,9.63,4.45,4.45,3.4,1.85,1.4,1.7,2.21,1
Novi Sad,Serbia,5.83,25.14,5.39,1.97,2.24,1.52,1.47,1.17,1.06,0.58,1
Kissimmee,United States,13,60,9,4.5,6,3.15,2.07,1.41,1,3.17,0
Youngstown,United States,17.5,54.73,6,2.73,4,4.44,2.07,1.86,0.73,1.8,0
Huancayo,Peru,1.57,13.05,2.61,1.83,2.87,2.61,0.65,0.33,1.04,0.52,0
Manukau City,New Zealand,16.03,76.97,9.14,6.73,7.06,3.57,2.08,1.86,1.92,1.21,0
Vinnytsia,Ukraine,6.8,16.32,3.54,0.95,1.63,1.03,0.61,0.43,0.92,0.58,1
Latur,India,3.68,8.6,3.68,2.46,3.68,1.84,0.42,0.16,0.68,0.49,0
